Platform,Genre,Year,Amount,PlatformGenre
Wii,Strategy ,2006,1,WiiStrategy 
Wii,Strategy ,2007,4,WiiStrategy 
Wii,Strategy ,2008,3,WiiStrategy 
Wii,Strategy ,2009,7,WiiStrategy 
Wii,Strategy ,2010,7,WiiStrategy 
Wii,Strategy ,2011,2,WiiStrategy 
Wii,Strategy ,2012,0,WiiStrategy 
Wii,Strategy ,2013,1,WiiStrategy 
Wii,Adventure,2006,1,WiiAdventure
Wii,Adventure,2007,12,WiiAdventure
Wii,Adventure,2008,24,WiiAdventure
Wii,Adventure,2009,25,WiiAdventure
Wii,Adventure,2010,15,WiiAdventure
Wii,Adventure,2011,3,WiiAdventure
Wii,Adventure,2012,1,WiiAdventure
Wii,Adventure,2013,0,WiiAdventure
Wii,Adventure,2014,1,WiiAdventure
Wii,Adventure,N/A,1,WiiAdventure
Wii,Fighting,2006,2,WiiFighting
Wii,Fighting,2007,12,WiiFighting
Wii,Fighting,2008,13,WiiFighting
Wii,Fighting,2009,6,WiiFighting
Wii,Fighting,2010,5,WiiFighting
Wii,Fighting,2011,3,WiiFighting
Wii,Fighting,N/A,1,WiiFighting
Wii,Action,2006,9,WiiAction
Wii,Action,2007,38,WiiAction
Wii,Action,2008,39,WiiAction
Wii,Action,2009,54,WiiAction
Wii,Action,2010,39,WiiAction
Wii,Action,2011,29,WiiAction
Wii,Action,2012,13,WiiAction
Wii,Action,2013,2,WiiAction
Wii,Action,2014,3,WiiAction
Wii,Action,2015,3,WiiAction
Wii,Action,N/A,8,WiiAction
Wii,Simulation,2006,2,WiiSimulation
Wii,Simulation,2007,15,WiiSimulation
Wii,Simulation,2008,25,WiiSimulation
Wii,Simulation,2009,27,WiiSimulation
Wii,Simulation,2010,11,WiiSimulation
Wii,Simulation,2011,2,WiiSimulation
Wii,Simulation,2012,1,WiiSimulation
Wii,Simulation,2013,1,WiiSimulation
Wii,Simulation,N/A,3,WiiSimulation
Wii,Shooter,2006,3,WiiShooter
Wii,Shooter,2007,13,WiiShooter
Wii,Shooter,2008,13,WiiShooter
Wii,Shooter,2009,13,WiiShooter
Wii,Shooter,2010,13,WiiShooter
Wii,Shooter,2011,6,WiiShooter
Wii,Shooter,N/A,4,WiiShooter
Wii,Misc,2006,8,WiiMisc
Wii,Misc,2007,25,WiiMisc
Wii,Misc,2008,44,WiiMisc
Wii,Misc,2009,65,WiiMisc
Wii,Misc,2010,65,WiiMisc
Wii,Misc,2011,50,WiiMisc
Wii,Misc,2012,8,WiiMisc
Wii,Misc,2013,4,WiiMisc
Wii,Misc,2014,1,WiiMisc
Wii,Misc,2015,1,WiiMisc
Wii,Misc,2016,1,WiiMisc
Wii,Misc,N/A,8,WiiMisc
Wii,Puzzle,2006,3,WiiPuzzle
Wii,Puzzle,2007,5,WiiPuzzle
Wii,Puzzle,2008,18,WiiPuzzle
Wii,Puzzle,2009,18,WiiPuzzle
Wii,Puzzle,2010,8,WiiPuzzle
Wii,Puzzle,2011,1,WiiPuzzle
Wii,Puzzle,2012,1,WiiPuzzle
Wii,Puzzle,N/A,1,WiiPuzzle
Wii,Role-Playing,2006,2,WiiRole-Playing
Wii,Role-Playing,2007,5,WiiRole-Playing
Wii,Role-Playing,2008,6,WiiRole-Playing
Wii,Role-Playing,2009,11,WiiRole-Playing
Wii,Role-Playing,2010,2,WiiRole-Playing
Wii,Role-Playing,2011,7,WiiRole-Playing
Wii,Role-Playing,2012,2,WiiRole-Playing
Wii,Racing,2006,5,WiiRacing
Wii,Racing,2007,14,WiiRacing
Wii,Racing,2008,23,WiiRacing
Wii,Racing,2009,24,WiiRacing
Wii,Racing,2010,15,WiiRacing
Wii,Racing,2011,9,WiiRacing
Wii,Racing,2012,1,WiiRacing
Wii,Racing,N/A,2,WiiRacing
Wii,Platform,2006,4,WiiPlatform
Wii,Platform,2007,10,WiiPlatform
Wii,Platform,2008,15,WiiPlatform
Wii,Platform,2009,8,WiiPlatform
Wii,Platform,2010,12,WiiPlatform
Wii,Platform,2011,6,WiiPlatform
Wii,Platform,2012,0,WiiPlatform
Wii,Platform,2013,2,WiiPlatform
Wii,Platform,N/A,1,WiiPlatform
Wii,Sports,2006,4,WiiSports
Wii,Sports,2007,32,WiiSports
Wii,Sports,2008,59,WiiSports
Wii,Sports,2009,67,WiiSports
Wii,Sports,2010,61,WiiSports
Wii,Sports,2011,25,WiiSports
Wii,Sports,2012,4,WiiSports
Wii,Sports,2013,2,WiiSports
Wii,Sports,2014,1,WiiSports
Wii,Sports,N/A,5,WiiSports
NES,Adventure,1987,1,NESAdventure
NES,Fighting,1985,1,NESFighting
NES,Fighting,1986,0,NESFighting
NES,Fighting,1987,2,NESFighting
NES,Fighting,1988,0,NESFighting
NES,Fighting,1989,0,NESFighting
NES,Fighting,1990,0,NESFighting
NES,Fighting,1991,0,NESFighting
NES,Fighting,1992,1,NESFighting
NES,Action,1984,1,NESAction
NES,Action,1985,1,NESAction
NES,Action,1986,6,NESAction
NES,Action,1987,0,NESAction
NES,Action,1988,1,NESAction
NES,Action,1989,1,NESAction
NES,Action,1990,1,NESAction
NES,Action,1991,1,NESAction
NES,Action,1992,0,NESAction
NES,Action,1993,1,NESAction
NES,Shooter,1984,3,NESShooter
NES,Shooter,1985,1,NESShooter
NES,Shooter,1986,3,NESShooter
NES,Misc,1983,1,NESMisc
NES,Misc,1984,1,NESMisc
NES,Puzzle,1984,3,NESPuzzle
NES,Puzzle,1985,3,NESPuzzle
NES,Puzzle,1986,0,NESPuzzle
NES,Puzzle,1987,0,NESPuzzle
NES,Puzzle,1988,1,NESPuzzle
NES,Puzzle,1989,1,NESPuzzle
NES,Puzzle,1990,1,NESPuzzle
NES,Puzzle,1991,3,NESPuzzle
NES,Puzzle,1992,1,NESPuzzle
NES,Puzzle,1993,1,NESPuzzle
NES,Role-Playing,1986,1,NESRole-Playing
NES,Role-Playing,1987,3,NESRole-Playing
NES,Role-Playing,1988,3,NESRole-Playing
NES,Role-Playing,1989,1,NESRole-Playing
NES,Role-Playing,1990,2,NESRole-Playing
NES,Role-Playing,1991,0,NESRole-Playing
NES,Role-Playing,1992,0,NESRole-Playing
NES,Role-Playing,1993,0,NESRole-Playing
NES,Role-Playing,1994,1,NESRole-Playing
NES,Racing,1984,2,NESRacing
NES,Racing,1985,0,NESRacing
NES,Racing,1986,1,NESRacing
NES,Racing,1987,0,NESRacing
NES,Racing,1988,1,NESRacing
NES,Platform,1983,4,NESPlatform
NES,Platform,1984,1,NESPlatform
NES,Platform,1985,4,NESPlatform
NES,Platform,1986,6,NESPlatform
NES,Platform,1987,2,NESPlatform
NES,Platform,1988,3,NESPlatform
NES,Platform,1989,2,NESPlatform
NES,Platform,1990,2,NESPlatform
NES,Platform,1991,1,NESPlatform
NES,Platform,1992,1,NESPlatform
NES,Platform,1993,2,NESPlatform
NES,Sports,1983,1,NESSports
NES,Sports,1984,2,NESSports
NES,Sports,1985,1,NESSports
NES,Sports,1986,2,NESSports
NES,Sports,1987,2,NESSports
NES,Sports,1988,2,NESSports
NES,Sports,1989,0,NESSports
NES,Sports,1990,2,NESSports
NES,Sports,1991,2,NESSports
GB,Strategy ,1991,1,GBStrategy 
GB,Strategy ,1992,0,GBStrategy 
GB,Strategy ,1993,0,GBStrategy 
GB,Strategy ,1994,0,GBStrategy 
GB,Strategy ,1995,0,GBStrategy 
GB,Strategy ,1996,0,GBStrategy 
GB,Strategy ,1997,1,GBStrategy 
GB,Strategy ,1998,2,GBStrategy 
GB,Strategy ,1999,1,GBStrategy 
GB,Strategy ,2000,1,GBStrategy 
GB,Strategy ,2001,1,GBStrategy 
GB,Adventure,1991,1,GBAdventure
GB,Adventure,1992,1,GBAdventure
GB,Adventure,1993,0,GBAdventure
GB,Adventure,1994,0,GBAdventure
GB,Adventure,1995,0,GBAdventure
GB,Adventure,1996,0,GBAdventure
GB,Adventure,1997,0,GBAdventure
GB,Adventure,1998,1,GBAdventure
GB,Adventure,1999,0,GBAdventure
GB,Adventure,2000,1,GBAdventure
GB,Adventure,2001,1,GBAdventure
GB,Action,1991,1,GBAction
GB,Action,1992,1,GBAction
GB,Action,1993,0,GBAction
GB,Action,1994,0,GBAction
GB,Action,1995,0,GBAction
GB,Action,1996,0,GBAction
GB,Action,1997,0,GBAction
GB,Action,1998,0,GBAction
GB,Action,1999,1,GBAction
GB,Action,2000,1,GBAction
GB,Action,2001,2,GBAction
GB,Simulation,1996,1,GBSimulation
GB,Simulation,1997,2,GBSimulation
GB,Simulation,1998,0,GBSimulation
GB,Simulation,1999,2,GBSimulation
GB,Shooter,1989,1,GBShooter
GB,Misc,1989,1,GBMisc
GB,Misc,1990,0,GBMisc
GB,Misc,1991,0,GBMisc
GB,Misc,1992,1,GBMisc
GB,Misc,1993,0,GBMisc
GB,Misc,1994,0,GBMisc
GB,Misc,1995,1,GBMisc
GB,Misc,1996,0,GBMisc
GB,Misc,1997,2,GBMisc
GB,Misc,1998,0,GBMisc
GB,Misc,1999,2,GBMisc
GB,Misc,2000,1,GBMisc
GB,Puzzle,1989,3,GBPuzzle
GB,Puzzle,1990,1,GBPuzzle
GB,Puzzle,1991,1,GBPuzzle
GB,Puzzle,1992,3,GBPuzzle
GB,Puzzle,1993,0,GBPuzzle
GB,Puzzle,1994,0,GBPuzzle
GB,Puzzle,1995,2,GBPuzzle
GB,Puzzle,1996,2,GBPuzzle
GB,Puzzle,1997,1,GBPuzzle
GB,Puzzle,1998,1,GBPuzzle
GB,Puzzle,1999,0,GBPuzzle
GB,Puzzle,2000,1,GBPuzzle
GB,Role-Playing,1989,1,GBRole-Playing
GB,Role-Playing,1990,0,GBRole-Playing
GB,Role-Playing,1991,2,GBRole-Playing
GB,Role-Playing,1992,0,GBRole-Playing
GB,Role-Playing,1993,0,GBRole-Playing
GB,Role-Playing,1994,0,GBRole-Playing
GB,Role-Playing,1995,0,GBRole-Playing
GB,Role-Playing,1996,2,GBRole-Playing
GB,Role-Playing,1997,1,GBRole-Playing
GB,Role-Playing,1998,2,GBRole-Playing
GB,Role-Playing,1999,3,GBRole-Playing
GB,Role-Playing,2000,5,GBRole-Playing
GB,Role-Playing,2001,5,GBRole-Playing
GB,Racing,1990,1,GBRacing
GB,Racing,1991,1,GBRacing
GB,Platform,1988,1,GBPlatform
GB,Platform,1989,1,GBPlatform
GB,Platform,1990,0,GBPlatform
GB,Platform,1991,2,GBPlatform
GB,Platform,1992,1,GBPlatform
GB,Platform,1993,0,GBPlatform
GB,Platform,1994,3,GBPlatform
GB,Platform,1995,1,GBPlatform
GB,Platform,1996,1,GBPlatform
GB,Platform,1997,1,GBPlatform
GB,Platform,1998,1,GBPlatform
GB,Platform,1999,1,GBPlatform
GB,Platform,2000,4,GBPlatform
GB,Platform,2001,1,GBPlatform
GB,Platform,N/A,1,GBPlatform
GB,Sports,1989,3,GBSports
GB,Sports,1990,1,GBSports
GB,Sports,1991,0,GBSports
GB,Sports,1992,0,GBSports
GB,Sports,1993,0,GBSports
GB,Sports,1994,0,GBSports
GB,Sports,1995,0,GBSports
GB,Sports,1996,0,GBSports
GB,Sports,1997,0,GBSports
GB,Sports,1998,1,GBSports
GB,Sports,1999,1,GBSports
GB,Sports,2000,3,GBSports
DS,Strategy ,2005,5,DSStrategy 
DS,Strategy ,2006,7,DSStrategy 
DS,Strategy ,2007,19,DSStrategy 
DS,Strategy ,2008,18,DSStrategy 
DS,Strategy ,2009,12,DSStrategy 
DS,Strategy ,2010,10,DSStrategy 
DS,Strategy ,2011,7,DSStrategy 
DS,Strategy ,N/A,1,DSStrategy 
DS,Adventure,2004,1,DSAdventure
DS,Adventure,2005,4,DSAdventure
DS,Adventure,2006,14,DSAdventure
DS,Adventure,2007,32,DSAdventure
DS,Adventure,2008,74,DSAdventure
DS,Adventure,2009,51,DSAdventure
DS,Adventure,2010,43,DSAdventure
DS,Adventure,2011,14,DSAdventure
DS,Adventure,2012,2,DSAdventure
DS,Adventure,2013,1,DSAdventure
DS,Adventure,N/A,2,DSAdventure
DS,Fighting ,2005,4,DSFighting 
DS,Fighting ,2006,7,DSFighting 
DS,Fighting ,2007,10,DSFighting 
DS,Fighting ,2008,4,DSFighting 
DS,Fighting ,2009,5,DSFighting 
DS,Fighting ,2010,4,DSFighting 
DS,Fighting ,2011,2,DSFighting 
DS,Action,1985,1,DSAction
DS,Action,1986,0,DSAction
DS,Action,1987,0,DSAction
DS,Action,1988,0,DSAction
DS,Action,1989,0,DSAction
DS,Action,1990,0,DSAction
DS,Action,1991,0,DSAction
DS,Action,1992,0,DSAction
DS,Action,1993,0,DSAction
DS,Action,1994,0,DSAction
DS,Action,1995,0,DSAction
DS,Action,1996,0,DSAction
DS,Action,1997,0,DSAction
DS,Action,1998,0,DSAction
DS,Action,1999,0,DSAction
DS,Action,2000,0,DSAction
DS,Action,2001,0,DSAction
DS,Action,2002,0,DSAction
DS,Action,2003,0,DSAction
DS,Action,2004,1,DSAction
DS,Action,2005,18,DSAction
DS,Action,2006,40,DSAction
DS,Action,2007,54,DSAction
DS,Action,2008,58,DSAction
DS,Action,2009,63,DSAction
DS,Action,2010,53,DSAction
DS,Action,2011,30,DSAction
DS,Action,2012,13,DSAction
DS,Action,2013,2,DSAction
DS,Action,N/A,7,DSAction
DS,Simulation,2004,3,DSSimulation
DS,Simulation,2005,10,DSSimulation
DS,Simulation,2006,14,DSSimulation
DS,Simulation,2007,46,DSSimulation
DS,Simulation,2008,77,DSSimulation
DS,Simulation,2009,72,DSSimulation
DS,Simulation,2010,44,DSSimulation
DS,Simulation,2011,11,DSSimulation
DS,Simulation,2012,0,DSSimulation
DS,Simulation,2013,1,DSSimulation
DS,Simulation,2014,0,DSSimulation
DS,Simulation,2015,0,DSSimulation
DS,Simulation,2016,0,DSSimulation
DS,Simulation,2017,0,DSSimulation
DS,Simulation,2018,0,DSSimulation
DS,Simulation,2019,0,DSSimulation
DS,Simulation,2020,1,DSSimulation
DS,Simulation,N/A,5,DSSimulation
DS,Shooter,2005,4,DSShooter
DS,Shooter,2006,7,DSShooter
DS,Shooter,2007,8,DSShooter
DS,Shooter,2008,9,DSShooter
DS,Shooter,2009,7,DSShooter
DS,Shooter,2010,4,DSShooter
DS,Shooter,2011,3,DSShooter
DS,Misc,2004,3,DSMisc
DS,Misc,2005,18,DSMisc
DS,Misc,2006,37,DSMisc
DS,Misc,2007,70,DSMisc
DS,Misc,2008,92,DSMisc
DS,Misc,2009,60,DSMisc
DS,Misc,2010,70,DSMisc
DS,Misc,2011,35,DSMisc
DS,Misc,2012,1,DSMisc
DS,Misc,2013,1,DSMisc
DS,Misc,N/A,4,DSMisc
DS,Puzzle,2004,7,DSPuzzle
DS,Puzzle,2005,15,DSPuzzle
DS,Puzzle,2006,18,DSPuzzle
DS,Puzzle,2007,45,DSPuzzle
DS,Puzzle,2008,36,DSPuzzle
DS,Puzzle,2009,54,DSPuzzle
DS,Puzzle,2010,31,DSPuzzle
DS,Puzzle,2011,24,DSPuzzle
DS,Puzzle,2012,4,DSPuzzle
DS,Puzzle,N/A,2,DSPuzzle
DS,Role-Playing,2005,9,DSRole-Playing
DS,Role-Playing,2006,27,DSRole-Playing
DS,Role-Playing,2007,34,DSRole-Playing
DS,Role-Playing,2008,54,DSRole-Playing
DS,Role-Playing,2009,33,DSRole-Playing
DS,Role-Playing,2010,28,DSRole-Playing
DS,Role-Playing,2011,9,DSRole-Playing
DS,Role-Playing,2012,2,DSRole-Playing
DS,Role-Playing,N/A,4,DSRole-Playing
DS,Racing,2004,4,DSRacing
DS,Racing,2005,7,DSRacing
DS,Racing,2006,3,DSRacing
DS,Racing,2007,12,DSRacing
DS,Racing,2008,14,DSRacing
DS,Racing,2009,15,DSRacing
DS,Racing,2010,8,DSRacing
DS,Racing,2011,3,DSRacing
DS,Racing,N/A,1,DSRacing
DS,Platform,2004,1,DSPlatform
DS,Platform,2005,15,DSPlatform
DS,Platform,2006,16,DSPlatform
DS,Platform,2007,18,DSPlatform
DS,Platform,2008,15,DSPlatform
DS,Platform,2009,6,DSPlatform
DS,Platform,2010,7,DSPlatform
DS,Platform,2011,9,DSPlatform
DS,Platform,2012,0,DSPlatform
DS,Platform,2013,2,DSPlatform
DS,Platform,N/A,2,DSPlatform
DS,Sports,2004,3,DSSports
DS,Sports,2005,9,DSSports
DS,Sports,2006,11,DSSports
DS,Sports,2007,28,DSSports
DS,Sports,2008,41,DSSports
DS,Sports,2009,25,DSSports
DS,Sports,2010,21,DSSports
DS,Sports,2011,6,DSSports
DS,Sports,2012,1,DSSports
DS,Sports,2013,1,DSSports
DS,Sports,N/A,2,DSSports
X360,Strategy ,2006,3,X360Strategy 
X360,Strategy ,2007,6,X360Strategy 
X360,Strategy ,2008,6,X360Strategy 
X360,Strategy ,2009,4,X360Strategy 
X360,Strategy ,2010,6,X360Strategy 
X360,Strategy ,2011,0,X360Strategy 
X360,Strategy ,2012,1,X360Strategy 
X360,Strategy ,2013,1,X360Strategy 
X360,Strategy ,N/A,1,X360Strategy 
X360,Adventure,2007,2,X360Adventure
X360,Adventure,2008,3,X360Adventure
X360,Adventure,2009,8,X360Adventure
X360,Adventure,2010,8,X360Adventure
X360,Adventure,2011,11,X360Adventure
X360,Adventure,2012,4,X360Adventure
X360,Adventure,2013,1,X360Adventure
X360,Adventure,2014,6,X360Adventure
X360,Adventure,2015,4,X360Adventure
X360,Adventure,2016,1,X360Adventure
X360,Fighting ,2005,1,X360Fighting 
X360,Fighting ,2006,5,X360Fighting 
X360,Fighting ,2007,2,X360Fighting 
X360,Fighting ,2008,7,X360Fighting 
X360,Fighting ,2009,10,X360Fighting 
X360,Fighting ,2010,10,X360Fighting 
X360,Fighting ,2011,14,X360Fighting 
X360,Fighting ,2012,9,X360Fighting 
X360,Fighting ,2013,2,X360Fighting 
X360,Fighting ,2014,4,X360Fighting 
X360,Fighting ,2015,1,X360Fighting 
X360,Action,2005,5,X360Action
X360,Action,2006,19,X360Action
X360,Action,2007,28,X360Action
X360,Action,2008,35,X360Action
X360,Action,2009,42,X360Action
X360,Action,2010,40,X360Action
X360,Action,2011,46,X360Action
X360,Action,2012,40,X360Action
X360,Action,2013,27,X360Action
X360,Action,2014,19,X360Action
X360,Action,2015,13,X360Action
X360,Action,2016,3,X360Action
X360,Action,N/A,6,X360Action
X360,Simulation,2006,4,X360Simulation
X360,Simulation,2007,6,X360Simulation
X360,Simulation,2008,3,X360Simulation
X360,Simulation,2009,3,X360Simulation
X360,Simulation,2010,5,X360Simulation
X360,Simulation,2011,7,X360Simulation
X360,Simulation,2012,4,X360Simulation
X360,Simulation,2013,2,X360Simulation
X360,Simulation,2014,1,X360Simulation
X360,Simulation,2015,1,X360Simulation
X360,Simulation,N/A,4,X360Simulation
X360,Shooter,2005,3,X360Shooter
X360,Shooter,2006,16,X360Shooter
X360,Shooter,2007,20,X360Shooter
X360,Shooter,2008,22,X360Shooter
X360,Shooter,2009,28,X360Shooter
X360,Shooter,2010,28,X360Shooter
X360,Shooter,2011,31,X360Shooter
X360,Shooter,2012,15,X360Shooter
X360,Shooter,2013,19,X360Shooter
X360,Shooter,2014,11,X360Shooter
X360,Shooter,2015,3,X360Shooter
X360,Shooter,2016,1,X360Shooter
X360,Shooter,N/A,6,X360Shooter
X360,Misc,2006,3,X360Misc
X360,Misc,2007,7,X360Misc
X360,Misc,2008,17,X360Misc
X360,Misc,2009,22,X360Misc
X360,Misc,2010,19,X360Misc
X360,Misc,2011,41,X360Misc
X360,Misc,2012,5,X360Misc
X360,Misc,2013,4,X360Misc
X360,Misc,2014,2,X360Misc
X360,Misc,2015,2,X360Misc
X360,Misc,2016,1,X360Misc
X360,Misc,N/A,4,X360Misc
X360,Puzzle,2006,1,X360Puzzle
X360,Puzzle,2007,3,X360Puzzle
X360,Puzzle,2008,0,X360Puzzle
X360,Puzzle,2009,2,X360Puzzle
X360,Puzzle,N/A,1,X360Puzzle
X360,Role-Playing,2006,10,X360Role-Playing
X360,Role-Playing,2007,9,X360Role-Playing
X360,Role-Playing,2008,9,X360Role-Playing
X360,Role-Playing,2009,11,X360Role-Playing
X360,Role-Playing,2010,13,X360Role-Playing
X360,Role-Playing,2011,9,X360Role-Playing
X360,Role-Playing,2012,6,X360Role-Playing
X360,Role-Playing,2013,2,X360Role-Playing
X360,Role-Playing,2014,6,X360Role-Playing
X360,Racing,2005,3,X360Racing
X360,Racing,2006,7,X360Racing
X360,Racing,2007,15,X360Racing
X360,Racing,2008,11,X360Racing
X360,Racing,2009,13,X360Racing
X360,Racing,2010,15,X360Racing
X360,Racing,2011,16,X360Racing
X360,Racing,2012,9,X360Racing
X360,Racing,2013,4,X360Racing
X360,Racing,2014,7,X360Racing
X360,Racing,2015,1,X360Racing
X360,Racing,N/A,3,X360Racing
X360,Platform,2006,2,X360Platform
X360,Platform,2007,1,X360Platform
X360,Platform,2008,8,X360Platform
X360,Platform,2009,3,X360Platform
X360,Platform,2010,2,X360Platform
X360,Platform,2011,3,X360Platform
X360,Platform,2012,0,X360Platform
X360,Platform,2013,4,X360Platform
X360,Platform,2014,0,X360Platform
X360,Platform,2015,1,X360Platform
X360,Platform,2016,1,X360Platform
X360,Sports,2005,6,X360Sports
X360,Sports,2006,23,X360Sports
X360,Sports,2007,24,X360Sports
X360,Sports,2008,25,X360Sports
X360,Sports,2009,26,X360Sports
X360,Sports,2010,36,X360Sports
X360,Sports,2011,28,X360Sports
X360,Sports,2012,13,X360Sports
X360,Sports,2013,9,X360Sports
X360,Sports,2014,7,X360Sports
X360,Sports,2015,9,X360Sports
X360,Sports,2016,6,X360Sports
X360,Sports,N/A,5,X360Sports
PS3,Strategy ,2008,3,PS3Strategy 
PS3,Strategy ,2009,5,PS3Strategy 
PS3,Strategy ,2010,2,PS3Strategy 
PS3,Strategy ,2011,4,PS3Strategy 
PS3,Strategy ,2012,4,PS3Strategy 
PS3,Strategy ,2013,3,PS3Strategy 
PS3,Strategy ,2014,1,PS3Strategy 
PS3,Strategy ,N/A,2,PS3Strategy 
PS3,Adventure,2007,3,PS3Adventure
PS3,Adventure,2008,5,PS3Adventure
PS3,Adventure,2009,3,PS3Adventure
PS3,Adventure,2010,6,PS3Adventure
PS3,Adventure,2011,13,PS3Adventure
PS3,Adventure,2012,13,PS3Adventure
PS3,Adventure,2013,8,PS3Adventure
PS3,Adventure,2014,12,PS3Adventure
PS3,Adventure,2015,7,PS3Adventure
PS3,Adventure,2016,2,PS3Adventure
PS3,Adventure,N/A,2,PS3Adventure
PS3,Fighting ,2006,1,PS3Fighting 
PS3,Fighting ,2007,2,PS3Fighting 
PS3,Fighting ,2008,7,PS3Fighting 
PS3,Fighting ,2009,9,PS3Fighting 
PS3,Fighting ,2010,8,PS3Fighting 
PS3,Fighting ,2011,16,PS3Fighting 
PS3,Fighting ,2012,9,PS3Fighting 
PS3,Fighting ,2013,7,PS3Fighting 
PS3,Fighting ,2014,10,PS3Fighting 
PS3,Fighting ,2015,5,PS3Fighting 
PS3,Fighting ,2016,2,PS3Fighting 
PS3,Action,2006,3,PS3Action
PS3,Action,2007,21,PS3Action
PS3,Action,2008,30,PS3Action
PS3,Action,2009,43,PS3Action
PS3,Action,2010,47,PS3Action
PS3,Action,2011,59,PS3Action
PS3,Action,2012,56,PS3Action
PS3,Action,2013,37,PS3Action
PS3,Action,2014,29,PS3Action
PS3,Action,2015,35,PS3Action
PS3,Action,2016,13,PS3Action
PS3,Action,N/A,7,PS3Action
PS3,Simulation,2006,4,PS3Simulation
PS3,Simulation,2007,2,PS3Simulation
PS3,Simulation,2008,1,PS3Simulation
PS3,Simulation,2009,3,PS3Simulation
PS3,Simulation,2010,4,PS3Simulation
PS3,Simulation,2011,5,PS3Simulation
PS3,Simulation,2012,5,PS3Simulation
PS3,Simulation,2013,4,PS3Simulation
PS3,Simulation,2014,1,PS3Simulation
PS3,Simulation,2015,1,PS3Simulation
PS3,Simulation,N/A,1,PS3Simulation
PS3,Shooter,2006,2,PS3Shooter
PS3,Shooter,2007,15,PS3Shooter
PS3,Shooter,2008,22,PS3Shooter
PS3,Shooter,2009,19,PS3Shooter
PS3,Shooter,2010,19,PS3Shooter
PS3,Shooter,2011,28,PS3Shooter
PS3,Shooter,2012,19,PS3Shooter
PS3,Shooter,2013,17,PS3Shooter
PS3,Shooter,2014,10,PS3Shooter
PS3,Shooter,2015,3,PS3Shooter
PS3,Shooter,2016,1,PS3Shooter
PS3,Shooter,N/A,1,PS3Shooter
PS3,Misc,2006,2,PS3Misc
PS3,Misc,2007,5,PS3Misc
PS3,Misc,2008,15,PS3Misc
PS3,Misc,2009,28,PS3Misc
PS3,Misc,2010,24,PS3Misc
PS3,Misc,2011,26,PS3Misc
PS3,Misc,2012,4,PS3Misc
PS3,Misc,2013,4,PS3Misc
PS3,Misc,2014,5,PS3Misc
PS3,Misc,2015,3,PS3Misc
PS3,Misc,2016,6,PS3Misc
PS3,Misc,N/A,3,PS3Misc
PS3,Puzzle,2009,1,PS3Puzzle
PS3,Puzzle,2010,0,PS3Puzzle
PS3,Puzzle,2011,0,PS3Puzzle
PS3,Puzzle,2012,0,PS3Puzzle
PS3,Puzzle,2013,0,PS3Puzzle
PS3,Puzzle,2014,1,PS3Puzzle
PS3,Puzzle,N/A,1,PS3Puzzle
PS3,Role-Playing,2006,2,PS3Role-Playing
PS3,Role-Playing,2007,5,PS3Role-Playing
PS3,Role-Playing,2008,7,PS3Role-Playing
PS3,Role-Playing,2009,10,PS3Role-Playing
PS3,Role-Playing,2010,17,PS3Role-Playing
PS3,Role-Playing,2011,15,PS3Role-Playing
PS3,Role-Playing,2012,12,PS3Role-Playing
PS3,Role-Playing,2013,21,PS3Role-Playing
PS3,Role-Playing,2014,18,PS3Role-Playing
PS3,Role-Playing,2015,5,PS3Role-Playing
PS3,Role-Playing,2016,5,PS3Role-Playing
PS3,Role-Playing,N/A,2,PS3Role-Playing
PS3,Racing,2006,5,PS3Racing
PS3,Racing,2007,10,PS3Racing
PS3,Racing,2008,13,PS3Racing
PS3,Racing,2009,13,PS3Racing
PS3,Racing,2010,12,PS3Racing
PS3,Racing,2011,16,PS3Racing
PS3,Racing,2012,8,PS3Racing
PS3,Racing,2013,5,PS3Racing
PS3,Racing,2014,6,PS3Racing
PS3,Racing,2015,2,PS3Racing
PS3,Racing,N/A,2,PS3Racing
PS3,Platform,2006,1,PS3Platform
PS3,Platform,2007,2,PS3Platform
PS3,Platform,2008,7,PS3Platform
PS3,Platform,2009,4,PS3Platform
PS3,Platform,2010,5,PS3Platform
PS3,Platform,2011,6,PS3Platform
PS3,Platform,2012,2,PS3Platform
PS3,Platform,2013,6,PS3Platform
PS3,Platform,2014,2,PS3Platform
PS3,Platform,2015,0,PS3Platform
PS3,Platform,2016,1,PS3Platform
PS3,Platform,N/A,1,PS3Platform
PS3,Sports,2006,7,PS3Sports
PS3,Sports,2007,25,PS3Sports
PS3,Sports,2008,28,PS3Sports
PS3,Sports,2009,24,PS3Sports
PS3,Sports,2010,37,PS3Sports
PS3,Sports,2011,27,PS3Sports
PS3,Sports,2012,16,PS3Sports
PS3,Sports,2013,14,PS3Sports
PS3,Sports,2014,13,PS3Sports
PS3,Sports,2015,12,PS3Sports
PS3,Sports,2016,8,PS3Sports
PS3,Sports,N/A,3,PS3Sports
PS2,Strategy ,2000,5,PS2Strategy 
PS2,Strategy ,2001,2,PS2Strategy 
PS2,Strategy ,2002,11,PS2Strategy 
PS2,Strategy ,2003,11,PS2Strategy 
PS2,Strategy ,2004,9,PS2Strategy 
PS2,Strategy ,2005,5,PS2Strategy 
PS2,Strategy ,2006,7,PS2Strategy 
PS2,Strategy ,2007,14,PS2Strategy 
PS2,Strategy ,2008,2,PS2Strategy 
PS2,Strategy ,2009,4,PS2Strategy 
PS2,Strategy ,N/A,1,PS2Strategy 
PS2,Adventure,2000,2,PS2Adventure
PS2,Adventure,2001,5,PS2Adventure
PS2,Adventure,2002,22,PS2Adventure
PS2,Adventure,2003,5,PS2Adventure
PS2,Adventure,2004,12,PS2Adventure
PS2,Adventure,2005,10,PS2Adventure
PS2,Adventure,2006,38,PS2Adventure
PS2,Adventure,2007,30,PS2Adventure
PS2,Adventure,2008,41,PS2Adventure
PS2,Adventure,2009,16,PS2Adventure
PS2,Adventure,2010,13,PS2Adventure
PS2,Adventure,2011,2,PS2Adventure
PS2,Fighting,2000,8,PS2Fighting
PS2,Fighting,2001,6,PS2Fighting
PS2,Fighting,2002,17,PS2Fighting
PS2,Fighting,2003,19,PS2Fighting
PS2,Fighting,2004,18,PS2Fighting
PS2,Fighting,2005,15,PS2Fighting
PS2,Fighting,2006,22,PS2Fighting
PS2,Fighting,2007,18,PS2Fighting
PS2,Fighting,2008,13,PS2Fighting
PS2,Fighting,2009,7,PS2Fighting
PS2,Fighting,2010,2,PS2Fighting
PS2,Fighting,2011,1,PS2Fighting
PS2,Fighting,N/A,4,PS2Fighting
PS2,Action,2000,6,PS2Action
PS2,Action,2001,22,PS2Action
PS2,Action,2002,34,PS2Action
PS2,Action,2003,46,PS2Action
PS2,Action,2004,44,PS2Action
PS2,Action,2005,61,PS2Action
PS2,Action,2006,47,PS2Action
PS2,Action,2007,31,PS2Action
PS2,Action,2008,30,PS2Action
PS2,Action,2009,18,PS2Action
PS2,Action,2010,5,PS2Action
PS2,Action,2011,1,PS2Action
PS2,Action,N/A,3,PS2Action
PS2,Simulation,2000,8,PS2Simulation
PS2,Simulation,2001,17,PS2Simulation
PS2,Simulation,2002,5,PS2Simulation
PS2,Simulation,2003,11,PS2Simulation
PS2,Simulation,2004,10,PS2Simulation
PS2,Simulation,2005,8,PS2Simulation
PS2,Simulation,2006,14,PS2Simulation
PS2,Simulation,2007,10,PS2Simulation
PS2,Simulation,2008,4,PS2Simulation
PS2,Simulation,2009,2,PS2Simulation
PS2,Simulation,N/A,1,PS2Simulation
PS2,Shooter,2000,6,PS2Shooter
PS2,Shooter,2001,19,PS2Shooter
PS2,Shooter,2002,26,PS2Shooter
PS2,Shooter,2003,21,PS2Shooter
PS2,Shooter,2004,30,PS2Shooter
PS2,Shooter,2005,29,PS2Shooter
PS2,Shooter,2006,14,PS2Shooter
PS2,Shooter,2007,3,PS2Shooter
PS2,Shooter,2008,6,PS2Shooter
PS2,Shooter,2009,3,PS2Shooter
PS2,Shooter,2010,1,PS2Shooter
PS2,Shooter,N/A,2,PS2Shooter
PS2,Misc,2000,1,PS2Misc
PS2,Misc,2001,14,PS2Misc
PS2,Misc,2002,17,PS2Misc
PS2,Misc,2003,25,PS2Misc
PS2,Misc,2004,22,PS2Misc
PS2,Misc,2005,28,PS2Misc
PS2,Misc,2006,24,PS2Misc
PS2,Misc,2007,32,PS2Misc
PS2,Misc,2008,32,PS2Misc
PS2,Misc,2009,20,PS2Misc
PS2,Misc,2010,3,PS2Misc
PS2,Misc,N/A,4,PS2Misc
PS2,Puzzle,2000,5,PS2Puzzle
PS2,Puzzle,2001,0,PS2Puzzle
PS2,Puzzle,2002,4,PS2Puzzle
PS2,Puzzle,2003,1,PS2Puzzle
PS2,Puzzle,2004,1,PS2Puzzle
PS2,Puzzle,2005,1,PS2Puzzle
PS2,Puzzle,2006,2,PS2Puzzle
PS2,Puzzle,2007,1,PS2Puzzle
PS2,Puzzle,2008,3,PS2Puzzle
PS2,Role-Playing,2000,7,PS2Role-Playing
PS2,Role-Playing,2001,14,PS2Role-Playing
PS2,Role-Playing,2002,21,PS2Role-Playing
PS2,Role-Playing,2003,17,PS2Role-Playing
PS2,Role-Playing,2004,29,PS2Role-Playing
PS2,Role-Playing,2005,29,PS2Role-Playing
PS2,Role-Playing,2006,29,PS2Role-Playing
PS2,Role-Playing,2007,26,PS2Role-Playing
PS2,Role-Playing,2008,9,PS2Role-Playing
PS2,Role-Playing,2009,1,PS2Role-Playing
PS2,Role-Playing,2010,1,PS2Role-Playing
PS2,Role-Playing,N/A,4,PS2Role-Playing
PS2,Racing,2000,10,PS2Racing
PS2,Racing,2001,35,PS2Racing
PS2,Racing,2002,40,PS2Racing
PS2,Racing,2003,32,PS2Racing
PS2,Racing,2004,24,PS2Racing
PS2,Racing,2005,23,PS2Racing
PS2,Racing,2006,18,PS2Racing
PS2,Racing,2007,14,PS2Racing
PS2,Racing,2008,11,PS2Racing
PS2,Racing,2009,5,PS2Racing
PS2,Racing,N/A,4,PS2Racing
PS2,Platform,2000,2,PS2Platform
PS2,Platform,2001,10,PS2Platform
PS2,Platform,2002,15,PS2Platform
PS2,Platform,2003,20,PS2Platform
PS2,Platform,2004,17,PS2Platform
PS2,Platform,2005,14,PS2Platform
PS2,Platform,2006,6,PS2Platform
PS2,Platform,2007,3,PS2Platform
PS2,Platform,2008,10,PS2Platform
PS2,Platform,2009,2,PS2Platform
PS2,Platform,2010,2,PS2Platform
PS2,Platform,N/A,2,PS2Platform
PS2,Sports,2000,22,PS2Sports
PS2,Sports,2001,41,PS2Sports
PS2,Sports,2002,68,PS2Sports
PS2,Sports,2003,48,PS2Sports
PS2,Sports,2004,43,PS2Sports
PS2,Sports,2005,37,PS2Sports
PS2,Sports,2006,38,PS2Sports
PS2,Sports,2007,32,PS2Sports
PS2,Sports,2008,30,PS2Sports
PS2,Sports,2009,18,PS2Sports
PS2,Sports,2010,11,PS2Sports
PS2,Sports,2011,3,PS2Sports
PS2,Sports,N/A,9,PS2Sports
SNES,Strategy ,1991,3,SNESStrategy 
SNES,Strategy ,1992,1,SNESStrategy 
SNES,Strategy ,1993,1,SNESStrategy 
SNES,Strategy ,1994,3,SNESStrategy 
SNES,Strategy ,1995,4,SNESStrategy 
SNES,Strategy ,1996,2,SNESStrategy 
SNES,Strategy ,1997,0,SNESStrategy 
SNES,Strategy ,1998,0,SNESStrategy 
SNES,Strategy ,1999,1,SNESStrategy 
SNES,Adventure,1991,1,SNESAdventure
SNES,Adventure,1992,1,SNESAdventure
SNES,Adventure,1993,0,SNESAdventure
SNES,Adventure,1994,1,SNESAdventure
SNES,Adventure,1995,1,SNESAdventure
SNES,Fighting,1991,1,SNESFighting
SNES,Fighting,1992,4,SNESFighting
SNES,Fighting,1993,8,SNESFighting
SNES,Fighting,1994,8,SNESFighting
SNES,Fighting,1995,3,SNESFighting
SNES,Fighting,1996,1,SNESFighting
SNES,Action,1990,1,SNESAction
SNES,Action,1991,3,SNESAction
SNES,Action,1992,0,SNESAction
SNES,Action,1993,3,SNESAction
SNES,Action,1994,4,SNESAction
SNES,Action,1995,1,SNESAction
SNES,Simulation,1990,1,SNESSimulation
SNES,Simulation,1991,2,SNESSimulation
SNES,Simulation,1992,0,SNESSimulation
SNES,Simulation,1993,1,SNESSimulation
SNES,Simulation,1994,3,SNESSimulation
SNES,Simulation,1995,2,SNESSimulation
SNES,Shooter,1991,3,SNESShooter
SNES,Shooter,1992,1,SNESShooter
SNES,Shooter,1993,2,SNESShooter
SNES,Shooter,1994,2,SNESShooter
SNES,Shooter,1995,1,SNESShooter
SNES,Shooter,1996,1,SNESShooter
SNES,Misc,1991,1,SNESMisc
SNES,Misc,1992,1,SNESMisc
SNES,Misc,1993,3,SNESMisc
SNES,Misc,1994,2,SNESMisc
SNES,Misc,1995,5,SNESMisc
SNES,Misc,1996,5,SNESMisc
SNES,Puzzle,1992,1,SNESPuzzle
SNES,Puzzle,1993,2,SNESPuzzle
SNES,Puzzle,1994,2,SNESPuzzle
SNES,Puzzle,1995,5,SNESPuzzle
SNES,Puzzle,1996,2,SNESPuzzle
SNES,Puzzle,1997,1,SNESPuzzle
SNES,Role-Playing,1991,3,SNESRole-Playing
SNES,Role-Playing,1992,5,SNESRole-Playing
SNES,Role-Playing,1993,8,SNESRole-Playing
SNES,Role-Playing,1994,11,SNESRole-Playing
SNES,Role-Playing,1995,13,SNESRole-Playing
SNES,Role-Playing,1996,10,SNESRole-Playing
SNES,Racing,1990,1,SNESRacing
SNES,Racing,1991,0,SNESRacing
SNES,Racing,1992,2,SNESRacing
SNES,Racing,1993,2,SNESRacing
SNES,Racing,1994,1,SNESRacing
SNES,Racing,1995,2,SNESRacing
SNES,Racing,1996,1,SNESRacing
SNES,Platform,1990,1,SNESPlatform
SNES,Platform,1991,2,SNESPlatform
SNES,Platform,1992,2,SNESPlatform
SNES,Platform,1993,7,SNESPlatform
SNES,Platform,1994,3,SNESPlatform
SNES,Platform,1995,7,SNESPlatform
SNES,Platform,1996,2,SNESPlatform
SNES,Platform,1997,1,SNESPlatform
SNES,Platform,1998,1,SNESPlatform
SNES,Sports,1991,5,SNESSports
SNES,Sports,1992,3,SNESSports
SNES,Sports,1993,9,SNESSports
SNES,Sports,1994,13,SNESSports
SNES,Sports,1995,10,SNESSports
SNES,Sports,1996,6,SNESSports
SNES,Sports,1997,2,SNESSports
SNES,Sports,1998,1,SNESSports
GBA,Strategy ,2001,5,GBAStrategy 
GBA,Strategy ,2002,3,GBAStrategy 
GBA,Strategy ,2003,5,GBAStrategy 
GBA,Strategy ,2004,3,GBAStrategy 
GBA,Strategy ,2005,2,GBAStrategy 
GBA,Adventure,2001,5,GBAAdventure
GBA,Adventure,2002,5,GBAAdventure
GBA,Adventure,2003,1,GBAAdventure
GBA,Adventure,2004,16,GBAAdventure
GBA,Adventure,2005,7,GBAAdventure
GBA,Adventure,2006,2,GBAAdventure
GBA,Adventure,2007,1,GBAAdventure
GBA,Adventure,N/A,1,GBAAdventure
GBA,Fighting,2001,4,GBAFighting
GBA,Fighting,2002,11,GBAFighting
GBA,Fighting,2003,5,GBAFighting
GBA,Fighting,2004,3,GBAFighting
GBA,Action,2001,17,GBAAction
GBA,Action,2002,38,GBAAction
GBA,Action,2003,34,GBAAction
GBA,Action,2004,33,GBAAction
GBA,Action,2005,28,GBAAction
GBA,Action,2006,10,GBAAction
GBA,Action,2007,2,GBAAction
GBA,Action,N/A,5,GBAAction
GBA,Simulation,2001,1,GBASimulation
GBA,Simulation,2002,3,GBASimulation
GBA,Simulation,2003,6,GBASimulation
GBA,Simulation,2004,4,GBASimulation
GBA,Simulation,2005,3,GBASimulation
GBA,Simulation,2006,1,GBASimulation
GBA,Shooter,2001,4,GBAShooter
GBA,Shooter,2002,17,GBAShooter
GBA,Shooter,2003,6,GBAShooter
GBA,Shooter,2004,10,GBAShooter
GBA,Shooter,2005,2,GBAShooter
GBA,Shooter,2006,1,GBAShooter
GBA,Misc,2001,6,GBAMisc
GBA,Misc,2002,13,GBAMisc
GBA,Misc,2003,12,GBAMisc
GBA,Misc,2004,34,GBAMisc
GBA,Misc,2005,38,GBAMisc
GBA,Misc,2006,4,GBAMisc
GBA,Misc,2007,3,GBAMisc
GBA,Puzzle,2001,11,GBAPuzzle
GBA,Puzzle,2002,7,GBAPuzzle
GBA,Puzzle,2003,2,GBAPuzzle
GBA,Puzzle,2004,10,GBAPuzzle
GBA,Puzzle,2005,7,GBAPuzzle
GBA,Puzzle,2006,2,GBAPuzzle
GBA,Puzzle,N/A,2,GBAPuzzle
GBA,Role-Playing,2001,11,GBARole-Playing
GBA,Role-Playing,2002,21,GBARole-Playing
GBA,Role-Playing,2003,13,GBARole-Playing
GBA,Role-Playing,2004,13,GBARole-Playing
GBA,Role-Playing,2005,8,GBARole-Playing
GBA,Role-Playing,2006,7,GBARole-Playing
GBA,Racing,2001,9,GBARacing
GBA,Racing,2002,17,GBARacing
GBA,Racing,2003,17,GBARacing
GBA,Racing,2004,10,GBARacing
GBA,Racing,2005,9,GBARacing
GBA,Racing,2006,2,GBARacing
GBA,Platform,2001,20,GBAPlatform
GBA,Platform,2002,33,GBAPlatform
GBA,Platform,2003,32,GBAPlatform
GBA,Platform,2004,25,GBAPlatform
GBA,Platform,2005,23,GBAPlatform
GBA,Platform,2006,6,GBAPlatform
GBA,Platform,N/A,3,GBAPlatform
GBA,Sports,2000,1,GBASports
GBA,Sports,2001,14,GBASports
GBA,Sports,2002,30,GBASports
GBA,Sports,2003,17,GBASports
GBA,Sports,2004,14,GBASports
GBA,Sports,2005,8,GBASports
GBA,Sports,2006,4,GBASports
PS4,Strategy ,2013,1,PS4Strategy 
PS4,Strategy ,2014,2,PS4Strategy 
PS4,Strategy ,2015,1,PS4Strategy 
PS4,Strategy ,2016,2,PS4Strategy 
PS4,Adventure,2014,4,PS4Adventure
PS4,Adventure,2015,10,PS4Adventure
PS4,Adventure,2016,14,PS4Adventure
PS4,Fighting ,2013,1,PS4Fighting 
PS4,Fighting ,2014,1,PS4Fighting 
PS4,Fighting ,2015,9,PS4Fighting 
PS4,Fighting ,2016,7,PS4Fighting 
PS4,Action,2013,2,PS4Action
PS4,Action,2014,31,PS4Action
PS4,Action,2015,52,PS4Action
PS4,Action,2016,59,PS4Action
PS4,Simulation,2015,2,PS4Simulation
PS4,Simulation,2016,4,PS4Simulation
PS4,Shooter,2013,3,PS4Shooter
PS4,Shooter,2014,7,PS4Shooter
PS4,Shooter,2015,11,PS4Shooter
PS4,Shooter,2016,20,PS4Shooter
PS4,Misc,2013,1,PS4Misc
PS4,Misc,2014,5,PS4Misc
PS4,Misc,2015,4,PS4Misc
PS4,Misc,2016,10,PS4Misc
PS4,Puzzle,2015,1,PS4Puzzle
PS4,Role-Playing,2014,8,PS4Role-Playing
PS4,Role-Playing,2015,25,PS4Role-Playing
PS4,Role-Playing,2016,18,PS4Role-Playing
PS4,Role-Playing,2017,1,PS4Role-Playing
PS4,Racing,2013,1,PS4Racing
PS4,Racing,2014,4,PS4Racing
PS4,Racing,2015,5,PS4Racing
PS4,Racing,2016,9,PS4Racing
PS4,Platform,2013,3,PS4Platform
PS4,Platform,2014,2,PS4Platform
PS4,Platform,2015,2,PS4Platform
PS4,Platform,2016,5,PS4Platform
PS4,Sports,2013,4,PS4Sports
PS4,Sports,2014,11,PS4Sports
PS4,Sports,2015,15,PS4Sports
PS4,Sports,2016,16,PS4Sports
3DS,Strategy ,2011,4,3DSStrategy 
3DS,Strategy ,2012,0,3DSStrategy 
3DS,Strategy ,2013,3,3DSStrategy 
3DS,Strategy ,2014,3,3DSStrategy 
3DS,Strategy ,2015,4,3DSStrategy 
3DS,Strategy ,2016,1,3DSStrategy 
3DS,Adventure,2011,4,3DSAdventure
3DS,Adventure,2012,6,3DSAdventure
3DS,Adventure,2013,6,3DSAdventure
3DS,Adventure,2014,12,3DSAdventure
3DS,Adventure,2015,4,3DSAdventure
3DS,Adventure,2016,5,3DSAdventure
3DS,Adventure,N/A,1,3DSAdventure
3DS,Fighting ,2011,5,3DSFighting 
3DS,Fighting ,2012,2,3DSFighting 
3DS,Fighting ,2013,2,3DSFighting 
3DS,Fighting ,2014,2,3DSFighting 
3DS,Fighting ,2015,2,3DSFighting 
3DS,Fighting ,2016,1,3DSFighting 
3DS,Action,2011,31,3DSAction
3DS,Action,2012,40,3DSAction
3DS,Action,2013,29,3DSAction
3DS,Action,2014,26,3DSAction
3DS,Action,2015,39,3DSAction
3DS,Action,2016,22,3DSAction
3DS,Action,N/A,1,3DSAction
3DS,Simulation,2011,9,3DSSimulation
3DS,Simulation,2012,5,3DSSimulation
3DS,Simulation,2013,5,3DSSimulation
3DS,Simulation,2014,4,3DSSimulation
3DS,Simulation,2015,3,3DSSimulation
3DS,Simulation,2016,3,3DSSimulation
3DS,Simulation,N/A,2,3DSSimulation
3DS,Shooter,2011,4,3DSShooter
3DS,Shooter,2012,1,3DSShooter
3DS,Shooter,2013,1,3DSShooter
3DS,Shooter,N/A,1,3DSShooter
3DS,Misc,2011,13,3DSMisc
3DS,Misc,2012,9,3DSMisc
3DS,Misc,2013,12,3DSMisc
3DS,Misc,2014,5,3DSMisc
3DS,Misc,2015,10,3DSMisc
3DS,Misc,2016,5,3DSMisc
3DS,Puzzle,2011,7,3DSPuzzle
3DS,Puzzle,2012,4,3DSPuzzle
3DS,Puzzle,2013,2,3DSPuzzle
3DS,Puzzle,2014,3,3DSPuzzle
3DS,Puzzle,2015,4,3DSPuzzle
3DS,Role-Playing,2011,8,3DSRole-Playing
3DS,Role-Playing,2012,17,3DSRole-Playing
3DS,Role-Playing,2013,21,3DSRole-Playing
3DS,Role-Playing,2014,19,3DSRole-Playing
3DS,Role-Playing,2015,15,3DSRole-Playing
3DS,Role-Playing,2016,7,3DSRole-Playing
3DS,Role-Playing,N/A,1,3DSRole-Playing
3DS,Racing,2011,9,3DSRacing
3DS,Racing,2012,1,3DSRacing
3DS,Racing,N/A,1,3DSRacing
3DS,Platform,2011,9,3DSPlatform
3DS,Platform,2012,4,3DSPlatform
3DS,Platform,2013,7,3DSPlatform
3DS,Platform,2014,2,3DSPlatform
3DS,Platform,2015,4,3DSPlatform
3DS,Platform,2016,2,3DSPlatform
3DS,Sports,2011,13,3DSSports
3DS,Sports,2012,4,3DSSports
3DS,Sports,2013,3,3DSSports
3DS,Sports,2014,4,3DSSports
3DS,Sports,2015,1,3DSSports
3DS,Sports,N/A,1,3DSSports
N64,Strategy ,1998,1,N64Strategy 
N64,Strategy ,1999,5,N64Strategy 
N64,Strategy ,2000,3,N64Strategy 
N64,Adventure,1997,1,N64Adventure
N64,Adventure,1998,0,N64Adventure
N64,Adventure,1999,3,N64Adventure
N64,Fighting ,1996,2,N64Fighting 
N64,Fighting ,1997,8,N64Fighting 
N64,Fighting ,1998,7,N64Fighting 
N64,Fighting ,1999,7,N64Fighting 
N64,Fighting ,2000,5,N64Fighting 
N64,Action,1996,2,N64Action
N64,Action,1997,5,N64Action
N64,Action,1998,7,N64Action
N64,Action,1999,12,N64Action
N64,Action,2000,10,N64Action
N64,Action,2001,1,N64Action
N64,Action,N/A,1,N64Action
N64,Simulation,1996,2,N64Simulation
N64,Simulation,1997,0,N64Simulation
N64,Simulation,1998,2,N64Simulation
N64,Simulation,1999,4,N64Simulation
N64,Simulation,2000,1,N64Simulation
N64,Simulation,2001,1,N64Simulation
N64,Shooter,1996,1,N64Shooter
N64,Shooter,1997,5,N64Shooter
N64,Shooter,1998,6,N64Shooter
N64,Shooter,1999,9,N64Shooter
N64,Shooter,2000,3,N64Shooter
N64,Misc,1996,2,N64Misc
N64,Misc,1997,2,N64Misc
N64,Misc,1998,4,N64Misc
N64,Misc,1999,8,N64Misc
N64,Misc,2000,2,N64Misc
N64,Puzzle,1997,5,N64Puzzle
N64,Puzzle,1998,2,N64Puzzle
N64,Puzzle,1999,1,N64Puzzle
N64,Puzzle,2000,3,N64Puzzle
N64,Puzzle,2001,1,N64Puzzle
N64,Role-Playing,1998,1,N64Role-Playing
N64,Role-Playing,1999,2,N64Role-Playing
N64,Role-Playing,2000,3,N64Role-Playing
N64,Role-Playing,2001,1,N64Role-Playing
N64,Role-Playing,N/A,1,N64Role-Playing
N64,Racing ,1996,3,N64Racing 
N64,Racing ,1997,8,N64Racing 
N64,Racing ,1998,16,N64Racing 
N64,Racing ,1999,20,N64Racing 
N64,Racing ,2000,10,N64Racing 
N64,Platform,1996,1,N64Platform
N64,Platform,1997,4,N64Platform
N64,Platform,1998,7,N64Platform
N64,Platform,1999,9,N64Platform
N64,Platform,2000,8,N64Platform
N64,Platform,2001,1,N64Platform
N64,Sports,1996,5,N64Sports
N64,Sports,1997,11,N64Sports
N64,Sports,1998,24,N64Sports
N64,Sports,1999,22,N64Sports
N64,Sports,2000,12,N64Sports
N64,Sports,2001,4,N64Sports
N64,Sports,2002,1,N64Sports
PS,Strategy ,1994,1,PSStrategy 
PS,Strategy ,1995,6,PSStrategy 
PS,Strategy ,1996,6,PSStrategy 
PS,Strategy ,1997,13,PSStrategy 
PS,Strategy ,1998,20,PSStrategy 
PS,Strategy ,1999,17,PSStrategy 
PS,Strategy ,2000,5,PSStrategy 
PS,Strategy ,2001,3,PSStrategy 
PS,Adventure,1994,1,PSAdventure
PS,Adventure,1995,6,PSAdventure
PS,Adventure,1996,9,PSAdventure
PS,Adventure,1997,8,PSAdventure
PS,Adventure,1998,12,PSAdventure
PS,Adventure,1999,13,PSAdventure
PS,Adventure,2000,9,PSAdventure
PS,Adventure,2001,7,PSAdventure
PS,Adventure,2002,2,PSAdventure
PS,Adventure,N/A,2,PSAdventure
PS,Fighting ,1994,2,PSFighting 
PS,Fighting ,1995,12,PSFighting 
PS,Fighting ,1996,17,PSFighting 
PS,Fighting ,1997,16,PSFighting 
PS,Fighting ,1998,29,PSFighting 
PS,Fighting ,1999,14,PSFighting 
PS,Fighting ,2000,11,PSFighting 
PS,Fighting ,2001,4,PSFighting 
PS,Fighting ,2002,3,PSFighting 
PS,Action,1995,6,PSAction
PS,Action,1996,17,PSAction
PS,Action,1997,23,PSAction
PS,Action,1998,34,PSAction
PS,Action,1999,25,PSAction
PS,Action,2000,26,PSAction
PS,Action,2001,18,PSAction
PS,Action,2002,5,PSAction
PS,Action,N/A,3,PSAction
PS,Simulation,1994,2,PSSimulation
PS,Simulation,1995,9,PSSimulation
PS,Simulation,1996,7,PSSimulation
PS,Simulation,1997,17,PSSimulation
PS,Simulation,1998,5,PSSimulation
PS,Simulation,1999,13,PSSimulation
PS,Simulation,2000,4,PSSimulation
PS,Simulation,2001,2,PSSimulation
PS,Simulation,2002,1,PSSimulation
PS,Shooter,1994,4,PSShooter
PS,Shooter,1995,18,PSShooter
PS,Shooter,1996,16,PSShooter
PS,Shooter,1997,17,PSShooter
PS,Shooter,1998,15,PSShooter
PS,Shooter,1999,7,PSShooter
PS,Shooter,2000,10,PSShooter
PS,Shooter,2001,8,PSShooter
PS,Shooter,2002,1,PSShooter
PS,Misc,1995,4,PSMisc
PS,Misc,1996,14,PSMisc
PS,Misc,1997,6,PSMisc
PS,Misc,1998,18,PSMisc
PS,Misc,1999,14,PSMisc
PS,Misc,2000,15,PSMisc
PS,Misc,2001,3,PSMisc
PS,Misc,2002,0,PSMisc
PS,Misc,2003,2,PSMisc
PS,Puzzle,1995,4,PSPuzzle
PS,Puzzle,1996,3,PSPuzzle
PS,Puzzle,1997,5,PSPuzzle
PS,Puzzle,1998,10,PSPuzzle
PS,Puzzle,1999,5,PSPuzzle
PS,Puzzle,2000,3,PSPuzzle
PS,Puzzle,2001,2,PSPuzzle
PS,Role-Playing,1994,2,PSRole-Playing
PS,Role-Playing,1995,7,PSRole-Playing
PS,Role-Playing,1996,11,PSRole-Playing
PS,Role-Playing,1997,15,PSRole-Playing
PS,Role-Playing,1998,19,PSRole-Playing
PS,Role-Playing,1999,26,PSRole-Playing
PS,Role-Playing,2000,8,PSRole-Playing
PS,Role-Playing,2001,7,PSRole-Playing
PS,Role-Playing,2002,2,PSRole-Playing
PS,Racing,1994,2,PSRacing
PS,Racing,1995,6,PSRacing
PS,Racing,1996,17,PSRacing
PS,Racing,1997,27,PSRacing
PS,Racing,1998,32,PSRacing
PS,Racing,1999,27,PSRacing
PS,Racing,2000,21,PSRacing
PS,Racing,2001,11,PSRacing
PS,Racing,2002,1,PSRacing
PS,Racing,N/A,1,PSRacing
PS,Platform,1995,5,PSPlatform
PS,Platform,1996,9,PSPlatform
PS,Platform,1997,10,PSPlatform
PS,Platform,1998,14,PSPlatform
PS,Platform,1999,8,PSPlatform
PS,Platform,2000,10,PSPlatform
PS,Platform,2001,6,PSPlatform
PS,Platform,2002,2,PSPlatform
PS,Sports,1994,3,PSSports
PS,Sports,1995,16,PSSports
PS,Sports,1996,38,PSSports
PS,Sports,1997,31,PSSports
PS,Sports,1998,40,PSSports
PS,Sports,1999,31,PSSports
PS,Sports,2000,38,PSSports
PS,Sports,2001,20,PSSports
PS,Sports,2002,3,PSSports
PS,Sports,2003,1,PSSports
PS,Sports,N/A,1,PSSports
XB,Strategy ,2002,1,XBStrategy 
XB,Strategy ,2003,8,XBStrategy 
XB,Strategy ,2004,7,XBStrategy 
XB,Strategy ,2005,4,XBStrategy 
XB,Strategy ,2006,1,XBStrategy 
XB,Adventure,2002,6,XBAdventure
XB,Adventure,2003,2,XBAdventure
XB,Adventure,2004,6,XBAdventure
XB,Adventure,2005,11,XBAdventure
XB,Adventure,2006,1,XBAdventure
XB,Fighting ,2001,1,XBFighting 
XB,Fighting ,2002,10,XBFighting 
XB,Fighting ,2003,10,XBFighting 
XB,Fighting ,2004,12,XBFighting 
XB,Fighting ,2005,8,XBFighting 
XB,Fighting ,2006,3,XBFighting 
XB,Fighting ,N/A,4,XBFighting 
XB,Action,2001,4,XBAction
XB,Action,2002,28,XBAction
XB,Action,2003,33,XBAction
XB,Action,2004,28,XBAction
XB,Action,2005,45,XBAction
XB,Action,2006,13,XBAction
XB,Action,2007,1,XBAction
XB,Action,N/A,3,XBAction
XB,Simulation,2001,1,XBSimulation
XB,Simulation,2002,4,XBSimulation
XB,Simulation,2003,6,XBSimulation
XB,Simulation,2004,7,XBSimulation
XB,Simulation,2005,5,XBSimulation
XB,Simulation,2006,1,XBSimulation
XB,Shooter,2001,4,XBShooter
XB,Shooter,2002,18,XBShooter
XB,Shooter,2003,28,XBShooter
XB,Shooter,2004,27,XBShooter
XB,Shooter,2005,37,XBShooter
XB,Shooter,2006,10,XBShooter
XB,Shooter,N/A,8,XBShooter
XB,Misc,2001,2,XBMisc
XB,Misc,2002,6,XBMisc
XB,Misc,2003,6,XBMisc
XB,Misc,2004,17,XBMisc
XB,Misc,2005,13,XBMisc
XB,Misc,2006,1,XBMisc
XB,Misc,N/A,1,XBMisc
XB,Puzzle,2002,3,XBPuzzle
XB,Puzzle,2003,2,XBPuzzle
XB,Puzzle,2004,2,XBPuzzle
XB,Role-Playing,2002,4,XBRole-Playing
XB,Role-Playing,2003,6,XBRole-Playing
XB,Role-Playing,2004,8,XBRole-Playing
XB,Role-Playing,2005,5,XBRole-Playing
XB,Racing,2001,11,XBRacing
XB,Racing,2002,25,XBRacing
XB,Racing,2003,35,XBRacing
XB,Racing,2004,24,XBRacing
XB,Racing,2005,17,XBRacing
XB,Racing,2006,10,XBRacing
XB,Racing,N/A,1,XBRacing
XB,Platform,2001,2,XBPlatform
XB,Platform,2002,8,XBPlatform
XB,Platform,2003,14,XBPlatform
XB,Platform,2004,11,XBPlatform
XB,Platform,2005,12,XBPlatform
XB,Platform,2006,2,XBPlatform
XB,Sports,2001,8,XBSports
XB,Sports,2002,45,XBSports
XB,Sports,2003,39,XBSports
XB,Sports,2004,28,XBSports
XB,Sports,2005,22,XBSports
XB,Sports,2006,20,XBSports
XB,Sports,2007,2,XBSports
XB,Sports,2008,1,XBSports
XB,Sports,N/A,4,XBSports
PC,Strategy ,1992,2,PCStrategy 
PC,Strategy ,1993,0,PCStrategy 
PC,Strategy ,1994,1,PCStrategy 
PC,Strategy ,1995,1,PCStrategy 
PC,Strategy ,1996,1,PCStrategy 
PC,Strategy ,1997,2,PCStrategy 
PC,Strategy ,1998,5,PCStrategy 
PC,Strategy ,1999,2,PCStrategy 
PC,Strategy ,2000,2,PCStrategy 
PC,Strategy ,2001,7,PCStrategy 
PC,Strategy ,2002,6,PCStrategy 
PC,Strategy ,2003,10,PCStrategy 
PC,Strategy ,2004,8,PCStrategy 
PC,Strategy ,2005,8,PCStrategy 
PC,Strategy ,2006,14,PCStrategy 
PC,Strategy ,2007,16,PCStrategy 
PC,Strategy ,2008,14,PCStrategy 
PC,Strategy ,2009,24,PCStrategy 
PC,Strategy ,2010,16,PCStrategy 
PC,Strategy ,2011,20,PCStrategy 
PC,Strategy ,2012,6,PCStrategy 
PC,Strategy ,2013,3,PCStrategy 
PC,Strategy ,2014,1,PCStrategy 
PC,Strategy ,2015,8,PCStrategy 
PC,Strategy ,2016,8,PCStrategy 
PC,Strategy ,N/A,3,PCStrategy 
PC,Adventure,1992,1,PCAdventure
PC,Adventure,1993,0,PCAdventure
PC,Adventure,1994,1,PCAdventure
PC,Adventure,1995,0,PCAdventure
PC,Adventure,1996,0,PCAdventure
PC,Adventure,1997,1,PCAdventure
PC,Adventure,1998,0,PCAdventure
PC,Adventure,1999,1,PCAdventure
PC,Adventure,2000,0,PCAdventure
PC,Adventure,2001,0,PCAdventure
PC,Adventure,2002,0,PCAdventure
PC,Adventure,2003,2,PCAdventure
PC,Adventure,2004,1,PCAdventure
PC,Adventure,2005,1,PCAdventure
PC,Adventure,2006,1,PCAdventure
PC,Adventure,2007,0,PCAdventure
PC,Adventure,2008,8,PCAdventure
PC,Adventure,2009,15,PCAdventure
PC,Adventure,2010,4,PCAdventure
PC,Adventure,2011,12,PCAdventure
PC,Adventure,2012,6,PCAdventure
PC,Adventure,2013,3,PCAdventure
PC,Adventure,2014,1,PCAdventure
PC,Adventure,2015,2,PCAdventure
PC,Adventure,2016,5,PCAdventure
PC,Fighting,1994,1,PCFighting
PC,Fighting,1995,0,PCFighting
PC,Fighting,1996,0,PCFighting
PC,Fighting,1997,0,PCFighting
PC,Fighting,1998,0,PCFighting
PC,Fighting,1999,0,PCFighting
PC,Fighting,2000,0,PCFighting
PC,Fighting,2001,0,PCFighting
PC,Fighting,2002,0,PCFighting
PC,Fighting,2003,0,PCFighting
PC,Fighting,2004,0,PCFighting
PC,Fighting,2005,0,PCFighting
PC,Fighting,2006,0,PCFighting
PC,Fighting,2007,0,PCFighting
PC,Fighting,2008,0,PCFighting
PC,Fighting,2009,0,PCFighting
PC,Fighting,2010,1,PCFighting
PC,Fighting,2011,0,PCFighting
PC,Fighting,2012,1,PCFighting
PC,Fighting,2013,0,PCFighting
PC,Fighting,2014,0,PCFighting
PC,Fighting,2015,1,PCFighting
PC,Fighting,2016,1,PCFighting
PC,Fighting,N/A,1,PCFighting
PC,Action,1996,1,PCAction
PC,Action,1997,1,PCAction
PC,Action,1998,2,PCAction
PC,Action,1999,2,PCAction
PC,Action,2000,0,PCAction
PC,Action,2001,1,PCAction
PC,Action,2002,4,PCAction
PC,Action,2003,2,PCAction
PC,Action,2004,1,PCAction
PC,Action,2005,4,PCAction
PC,Action,2006,6,PCAction
PC,Action,2007,5,PCAction
PC,Action,2008,15,PCAction
PC,Action,2009,18,PCAction
PC,Action,2010,16,PCAction
PC,Action,2011,22,PCAction
PC,Action,2012,16,PCAction
PC,Action,2013,11,PCAction
PC,Action,2014,16,PCAction
PC,Action,2015,16,PCAction
PC,Action,2016,7,PCAction
PC,Action,N/A,4,PCAction
PC,Simulation,1985,1,PCSimulation
PC,Simulation,1986,0,PCSimulation
PC,Simulation,1987,0,PCSimulation
PC,Simulation,1988,1,PCSimulation
PC,Simulation,1989,0,PCSimulation
PC,Simulation,1990,0,PCSimulation
PC,Simulation,1991,0,PCSimulation
PC,Simulation,1992,1,PCSimulation
PC,Simulation,1993,0,PCSimulation
PC,Simulation,1994,0,PCSimulation
PC,Simulation,1995,0,PCSimulation
PC,Simulation,1996,1,PCSimulation
PC,Simulation,1997,0,PCSimulation
PC,Simulation,1998,0,PCSimulation
PC,Simulation,1999,0,PCSimulation
PC,Simulation,2000,2,PCSimulation
PC,Simulation,2001,4,PCSimulation
PC,Simulation,2002,4,PCSimulation
PC,Simulation,2003,9,PCSimulation
PC,Simulation,2004,1,PCSimulation
PC,Simulation,2005,7,PCSimulation
PC,Simulation,2006,12,PCSimulation
PC,Simulation,2007,9,PCSimulation
PC,Simulation,2008,7,PCSimulation
PC,Simulation,2009,6,PCSimulation
PC,Simulation,2010,12,PCSimulation
PC,Simulation,2011,20,PCSimulation
PC,Simulation,2012,2,PCSimulation
PC,Simulation,2013,3,PCSimulation
PC,Simulation,2014,4,PCSimulation
PC,Simulation,2015,6,PCSimulation
PC,Simulation,2016,8,PCSimulation
PC,Shooter,1992,1,PCShooter
PC,Shooter,1993,0,PCShooter
PC,Shooter,1994,2,PCShooter
PC,Shooter,1995,0,PCShooter
PC,Shooter,1996,0,PCShooter
PC,Shooter,1997,1,PCShooter
PC,Shooter,1998,0,PCShooter
PC,Shooter,1999,0,PCShooter
PC,Shooter,2000,0,PCShooter
PC,Shooter,2001,1,PCShooter
PC,Shooter,2002,3,PCShooter
PC,Shooter,2003,4,PCShooter
PC,Shooter,2004,9,PCShooter
PC,Shooter,2005,9,PCShooter
PC,Shooter,2006,4,PCShooter
PC,Shooter,2007,13,PCShooter
PC,Shooter,2008,10,PCShooter
PC,Shooter,2009,16,PCShooter
PC,Shooter,2010,12,PCShooter
PC,Shooter,2011,21,PCShooter
PC,Shooter,2012,9,PCShooter
PC,Shooter,2013,11,PCShooter
PC,Shooter,2014,7,PCShooter
PC,Shooter,2015,5,PCShooter
PC,Shooter,2016,9,PCShooter
PC,Shooter,N/A,3,PCShooter
PC,Misc,1994,1,PCMisc
PC,Misc,1995,1,PCMisc
PC,Misc,1996,0,PCMisc
PC,Misc,1997,0,PCMisc
PC,Misc,1998,0,PCMisc
PC,Misc,1999,1,PCMisc
PC,Misc,2000,1,PCMisc
PC,Misc,2001,0,PCMisc
PC,Misc,2002,0,PCMisc
PC,Misc,2003,0,PCMisc
PC,Misc,2004,0,PCMisc
PC,Misc,2005,0,PCMisc
PC,Misc,2006,2,PCMisc
PC,Misc,2007,1,PCMisc
PC,Misc,2008,2,PCMisc
PC,Misc,2009,2,PCMisc
PC,Misc,2010,4,PCMisc
PC,Misc,2011,2,PCMisc
PC,Misc,2012,1,PCMisc
PC,Misc,2013,1,PCMisc
PC,Misc,2014,1,PCMisc
PC,Misc,2015,2,PCMisc
PC,Misc,N/A,2,PCMisc
PC,Puzzle,2006,2,PCPuzzle
PC,Puzzle,2007,2,PCPuzzle
PC,Puzzle,2008,3,PCPuzzle
PC,Puzzle,2009,3,PCPuzzle
PC,Puzzle,2010,3,PCPuzzle
PC,Puzzle,2011,10,PCPuzzle
PC,Puzzle,2012,2,PCPuzzle
PC,Role-Playing,1996,1,PCRole-Playing
PC,Role-Playing,1997,0,PCRole-Playing
PC,Role-Playing,1998,1,PCRole-Playing
PC,Role-Playing,1999,0,PCRole-Playing
PC,Role-Playing,2000,0,PCRole-Playing
PC,Role-Playing,2001,1,PCRole-Playing
PC,Role-Playing,2002,2,PCRole-Playing
PC,Role-Playing,2003,2,PCRole-Playing
PC,Role-Playing,2004,3,PCRole-Playing
PC,Role-Playing,2005,6,PCRole-Playing
PC,Role-Playing,2006,7,PCRole-Playing
PC,Role-Playing,2007,6,PCRole-Playing
PC,Role-Playing,2008,10,PCRole-Playing
PC,Role-Playing,2009,9,PCRole-Playing
PC,Role-Playing,2010,13,PCRole-Playing
PC,Role-Playing,2011,13,PCRole-Playing
PC,Role-Playing,2012,9,PCRole-Playing
PC,Role-Playing,2013,0,PCRole-Playing
PC,Role-Playing,2014,11,PCRole-Playing
PC,Role-Playing,2015,3,PCRole-Playing
PC,Role-Playing,2016,4,PCRole-Playing
PC,Role-Playing,N/A,1,PCRole-Playing
PC,Racing,1997,1,PCRacing
PC,Racing,1998,0,PCRacing
PC,Racing,1999,0,PCRacing
PC,Racing,2000,0,PCRacing
PC,Racing,2001,0,PCRacing
PC,Racing,2002,0,PCRacing
PC,Racing,2003,1,PCRacing
PC,Racing,2004,4,PCRacing
PC,Racing,2005,2,PCRacing
PC,Racing,2006,2,PCRacing
PC,Racing,2007,6,PCRacing
PC,Racing,2008,3,PCRacing
PC,Racing,2009,6,PCRacing
PC,Racing,2010,4,PCRacing
PC,Racing,2011,9,PCRacing
PC,Racing,2012,4,PCRacing
PC,Racing,2013,3,PCRacing
PC,Racing,2014,4,PCRacing
PC,Racing,2015,3,PCRacing
PC,Racing,2016,6,PCRacing
PC,Racing,N/A,3,PCRacing
PC,Platform,2003,1,PCPlatform
PC,Platform,2004,0,PCPlatform
PC,Platform,2005,0,PCPlatform
PC,Platform,2006,0,PCPlatform
PC,Platform,2007,1,PCPlatform
PC,Platform,2008,1,PCPlatform
PC,Platform,2009,2,PCPlatform
PC,Platform,2010,0,PCPlatform
PC,Platform,2011,3,PCPlatform
PC,Platform,2012,1,PCPlatform
PC,Platform,2013,1,PCPlatform
PC,Platform,2014,0,PCPlatform
PC,Platform,2015,0,PCPlatform
PC,Platform,2016,1,PCPlatform
PC,Sports,1999,1,PCSports
PC,Sports,2000,0,PCSports
PC,Sports,2001,1,PCSports
PC,Sports,2002,9,PCSports
PC,Sports,2003,2,PCSports
PC,Sports,2004,3,PCSports
PC,Sports,2005,0,PCSports
PC,Sports,2006,2,PCSports
PC,Sports,2007,3,PCSports
PC,Sports,2008,3,PCSports
PC,Sports,2009,6,PCSports
PC,Sports,2010,5,PCSports
PC,Sports,2011,7,PCSports
PC,Sports,2012,4,PCSports
PC,Sports,2013,2,PCSports
PC,Sports,2014,2,PCSports
PC,Sports,2015,4,PCSports
PC,Sports,2016,5,PCSports
2600,Adventure,1983,1,2600Adventure
2600,Adventure,N/A,1,2600Adventure
2600,Fighting,1980,1,2600Fighting
2600,Fighting,N/A,1,2600Fighting
2600,Action,1980,1,2600Action
2600,Action,1981,25,2600Action
2600,Action,1982,18,2600Action
2600,Action,1983,7,2600Action
2600,Action,1984,0,2600Action
2600,Action,1985,0,2600Action
2600,Action,1986,0,2600Action
2600,Action,1987,2,2600Action
2600,Action,1988,1,2600Action
2600,Action,1989,1,2600Action
2600,Action,N/A,6,2600Action
2600,Simulation,1981,1,2600Simulation
2600,Shooter,1980,2,2600Shooter
2600,Shooter,1981,10,2600Shooter
2600,Shooter,1982,5,2600Shooter
2600,Shooter,1983,1,2600Shooter
2600,Shooter,1984,0,2600Shooter
2600,Shooter,1985,0,2600Shooter
2600,Shooter,1986,1,2600Shooter
2600,Shooter,1987,2,2600Shooter
2600,Shooter,1988,1,2600Shooter
2600,Shooter,N/A,2,2600Shooter
2600,Misc,1980,4,2600Misc
2600,Misc,1981,0,2600Misc
2600,Misc,1982,1,2600Misc
2600,Puzzle,1981,2,2600Puzzle
2600,Puzzle,1982,3,2600Puzzle
2600,Puzzle,1983,1,2600Puzzle
2600,Puzzle,1984,0,2600Puzzle
2600,Puzzle,1985,1,2600Puzzle
2600,Puzzle,1986,0,2600Puzzle
2600,Puzzle,1987,0,2600Puzzle
2600,Puzzle,1988,0,2600Puzzle
2600,Puzzle,1989,1,2600Puzzle
2600,Puzzle,N/A,3,2600Puzzle
2600,Racing,1981,1,2600Racing
2600,Racing,1982,2,2600Racing
2600,Racing,1983,0,2600Racing
2600,Racing,1984,1,2600Racing
2600,Racing,N/A,2,2600Racing
2600,Platform,1981,3,2600Platform
2600,Platform,1982,5,2600Platform
2600,Platform,1983,1,2600Platform
2600,Sports,1980,1,2600Sports
2600,Sports,1981,4,2600Sports
2600,Sports,1982,2,2600Sports
2600,Sports,1983,0,2600Sports
2600,Sports,1984,0,2600Sports
2600,Sports,1985,0,2600Sports
2600,Sports,1986,1,2600Sports
2600,Sports,1987,2,2600Sports
2600,Sports,N/A,2,2600Sports
PSP,Strategy ,2004,1,PSPStrategy 
PSP,Strategy ,2005,3,PSPStrategy 
PSP,Strategy ,2006,9,PSPStrategy 
PSP,Strategy ,2007,8,PSPStrategy 
PSP,Strategy ,2008,4,PSPStrategy 
PSP,Strategy ,2009,8,PSPStrategy 
PSP,Strategy ,2010,12,PSPStrategy 
PSP,Strategy ,2011,9,PSPStrategy 
PSP,Strategy ,2012,3,PSPStrategy 
PSP,Strategy ,2013,1,PSPStrategy 
PSP,Strategy ,N/A,2,PSPStrategy 
PSP,Adventure,2005,3,PSPAdventure
PSP,Adventure,2006,11,PSPAdventure
PSP,Adventure,2007,3,PSPAdventure
PSP,Adventure,2008,10,PSPAdventure
PSP,Adventure,2009,22,PSPAdventure
PSP,Adventure,2010,64,PSPAdventure
PSP,Adventure,2011,48,PSPAdventure
PSP,Adventure,2012,19,PSPAdventure
PSP,Adventure,2013,29,PSPAdventure
PSP,Adventure,2014,4,PSPAdventure
PSP,Fighting,2004,1,PSPFighting
PSP,Fighting,2005,4,PSPFighting
PSP,Fighting,2006,13,PSPFighting
PSP,Fighting,2007,12,PSPFighting
PSP,Fighting,2008,6,PSPFighting
PSP,Fighting,2009,16,PSPFighting
PSP,Fighting,2010,10,PSPFighting
PSP,Fighting,2011,7,PSPFighting
PSP,Fighting,2012,3,PSPFighting
PSP,Fighting,2013,1,PSPFighting
PSP,Fighting,N/A,1,PSPFighting
PSP,Action,2004,1,PSPAction
PSP,Action,2005,9,PSPAction
PSP,Action,2006,26,PSPAction
PSP,Action,2007,28,PSPAction
PSP,Action,2008,14,PSPAction
PSP,Action,2009,34,PSPAction
PSP,Action,2010,26,PSPAction
PSP,Action,2011,16,PSPAction
PSP,Action,2012,51,PSPAction
PSP,Action,2013,6,PSPAction
PSP,Action,2014,3,PSPAction
PSP,Action,2015,3,PSPAction
PSP,Action,N/A,5,PSPAction
PSP,Simulation,2004,1,PSPSimulation
PSP,Simulation,2005,2,PSPSimulation
PSP,Simulation,2006,4,PSPSimulation
PSP,Simulation,2007,2,PSPSimulation
PSP,Simulation,2008,2,PSPSimulation
PSP,Simulation,2009,10,PSPSimulation
PSP,Simulation,2010,5,PSPSimulation
PSP,Simulation,2011,1,PSPSimulation
PSP,Simulation,2012,1,PSPSimulation
PSP,Shooter,2005,5,PSPShooter
PSP,Shooter,2006,11,PSPShooter
PSP,Shooter,2007,12,PSPShooter
PSP,Shooter,2008,1,PSPShooter
PSP,Shooter,2009,4,PSPShooter
PSP,Shooter,2010,4,PSPShooter
PSP,Misc,2004,4,PSPMisc
PSP,Misc,2005,8,PSPMisc
PSP,Misc,2006,25,PSPMisc
PSP,Misc,2007,8,PSPMisc
PSP,Misc,2008,10,PSPMisc
PSP,Misc,2009,9,PSPMisc
PSP,Misc,2010,16,PSPMisc
PSP,Misc,2011,14,PSPMisc
PSP,Misc,2012,2,PSPMisc
PSP,Misc,2013,6,PSPMisc
PSP,Misc,2014,2,PSPMisc
PSP,Misc,N/A,2,PSPMisc
PSP,Puzzle,2004,4,PSPPuzzle
PSP,Puzzle,2005,9,PSPPuzzle
PSP,Puzzle,2006,15,PSPPuzzle
PSP,Puzzle,2007,10,PSPPuzzle
PSP,Puzzle,2008,4,PSPPuzzle
PSP,Puzzle,2009,1,PSPPuzzle
PSP,Puzzle,2010,1,PSPPuzzle
PSP,Role-Playing,2004,1,PSPRole-Playing
PSP,Role-Playing,2005,11,PSPRole-Playing
PSP,Role-Playing,2006,25,PSPRole-Playing
PSP,Role-Playing,2007,18,PSPRole-Playing
PSP,Role-Playing,2008,17,PSPRole-Playing
PSP,Role-Playing,2009,28,PSPRole-Playing
PSP,Role-Playing,2010,29,PSPRole-Playing
PSP,Role-Playing,2011,33,PSPRole-Playing
PSP,Role-Playing,2012,22,PSPRole-Playing
PSP,Role-Playing,2013,7,PSPRole-Playing
PSP,Role-Playing,N/A,1,PSPRole-Playing
PSP,Racing,2004,1,PSPRacing
PSP,Racing,2005,12,PSPRacing
PSP,Racing,2006,18,PSPRacing
PSP,Racing,2007,13,PSPRacing
PSP,Racing,2008,7,PSPRacing
PSP,Racing,2009,8,PSPRacing
PSP,Racing,2010,3,PSPRacing
PSP,Racing,2011,1,PSPRacing
PSP,Platform,2005,7,PSPPlatform
PSP,Platform,2006,9,PSPPlatform
PSP,Platform,2007,7,PSPPlatform
PSP,Platform,2008,6,PSPPlatform
PSP,Platform,2009,4,PSPPlatform
PSP,Platform,2010,3,PSPPlatform
PSP,Sports,2004,1,PSPSports
PSP,Sports,2005,22,PSPSports
PSP,Sports,2006,23,PSPSports
PSP,Sports,2007,18,PSPSports
PSP,Sports,2008,13,PSPSports
PSP,Sports,2009,17,PSPSports
PSP,Sports,2010,15,PSPSports
PSP,Sports,2011,10,PSPSports
PSP,Sports,2012,5,PSPSports
PSP,Sports,2013,4,PSPSports
PSP,Sports,2014,1,PSPSports
PSP,Sports,N/A,5,PSPSports
XOne,Strategy ,2013,1,XOneStrategy 
XOne,Strategy ,2014,0,XOneStrategy 
XOne,Strategy ,2015,1,XOneStrategy 
XOne,Strategy ,2016,1,XOneStrategy 
XOne,Adventure,2014,5,XOneAdventure
XOne,Adventure,2015,6,XOneAdventure
XOne,Adventure,2016,3,XOneAdventure
XOne,Fighting,2013,2,XOneFighting
XOne,Fighting,2014,0,XOneFighting
XOne,Fighting,2015,3,XOneFighting
XOne,Fighting,2016,2,XOneFighting
XOne,Action,2013,4,XOneAction
XOne,Action,2014,21,XOneAction
XOne,Action,2015,27,XOneAction
XOne,Action,2016,33,XOneAction
XOne,Simulation,2013,1,XOneSimulation
XOne,Simulation,2014,0,XOneSimulation
XOne,Simulation,2015,1,XOneSimulation
XOne,Simulation,2016,2,XOneSimulation
XOne,Shooter,2013,2,XOneShooter
XOne,Shooter,2014,10,XOneShooter
XOne,Shooter,2015,11,XOneShooter
XOne,Shooter,2016,15,XOneShooter
XOne,Misc,2013,2,XOneMisc
XOne,Misc,2014,8,XOneMisc
XOne,Misc,2015,5,XOneMisc
XOne,Misc,2016,4,XOneMisc
XOne,Role-Playing,2014,3,XOneRole-Playing
XOne,Role-Playing,2015,7,XOneRole-Playing
XOne,Role-Playing,2016,4,XOneRole-Playing
XOne,Racing,2013,2,XOneRacing
XOne,Racing,2014,3,XOneRacing
XOne,Racing,2015,6,XOneRacing
XOne,Racing,2016,9,XOneRacing
XOne,Platform,2013,1,XOnePlatform
XOne,Platform,2014,1,XOnePlatform
XOne,Platform,2015,0,XOnePlatform
XOne,Platform,2016,3,XOnePlatform
XOne,Sports,2013,4,XOneSports
XOne,Sports,2014,10,XOneSports
XOne,Sports,2015,13,XOneSports
XOne,Sports,2016,11,XOneSports
WiiU,Strategy ,2012,1,WiiUStrategy 
WiiU,Strategy ,2013,2,WiiUStrategy 
WiiU,Adventure,2014,2,WiiUAdventure
WiiU,Adventure,2015,0,WiiUAdventure
WiiU,Adventure,2016,1,WiiUAdventure
WiiU,Fighting,2012,1,WiiUFighting
WiiU,Fighting,2013,2,WiiUFighting
WiiU,Fighting,2014,1,WiiUFighting
WiiU,Fighting,2015,0,WiiUFighting
WiiU,Fighting,2016,1,WiiUFighting
WiiU,Action,2012,16,WiiUAction
WiiU,Action,2013,13,WiiUAction
WiiU,Action,2014,18,WiiUAction
WiiU,Action,2015,11,WiiUAction
WiiU,Action,2016,6,WiiUAction
WiiU,Simulation,2013,1,WiiUSimulation
WiiU,Shooter ,2012,2,WiiUShooter 
WiiU,Shooter ,2013,5,WiiUShooter 
WiiU,Shooter ,2014,1,WiiUShooter 
WiiU,Shooter ,2015,1,WiiUShooter 
WiiU,Shooter ,2016,1,WiiUShooter 
WiiU,Misc,2012,4,WiiUMisc
WiiU,Misc,2013,5,WiiUMisc
WiiU,Misc,2014,4,WiiUMisc
WiiU,Misc,2015,7,WiiUMisc
WiiU,Misc,2016,2,WiiUMisc
WiiU,Puzzle,2013,1,WiiUPuzzle
WiiU,Puzzle,2014,2,WiiUPuzzle
WiiU,Puzzle,2015,1,WiiUPuzzle
WiiU,Role-Playing,2012,2,WiiURole-Playing
WiiU,Role-Playing,2013,1,WiiURole-Playing
WiiU,Role-Playing,2014,0,WiiURole-Playing
WiiU,Role-Playing,2015,3,WiiURole-Playing
WiiU,Role-Playing,2016,1,WiiURole-Playing
WiiU,Racing,2012,1,WiiURacing
WiiU,Racing,2013,1,WiiURacing
WiiU,Racing,2014,1,WiiURacing
WiiU,Platform,2012,2,WiiUPlatform
WiiU,Platform,2013,8,WiiUPlatform
WiiU,Platform,2014,1,WiiUPlatform
WiiU,Platform,2015,4,WiiUPlatform
WiiU,Platform,2016,2,WiiUPlatform
WiiU,Sports,2012,3,WiiUSports
WiiU,Sports,2013,3,WiiUSports
WiiU,Sports,2014,1,WiiUSports
WiiU,Sports,2015,1,WiiUSports
GC,Strategy ,2001,1,GCStrategy 
GC,Strategy ,2002,1,GCStrategy 
GC,Strategy ,2003,3,GCStrategy 
GC,Strategy ,2004,4,GCStrategy 
GC,Strategy ,2005,2,GCStrategy 
GC,Adventure,2001,1,GCAdventure
GC,Adventure,2002,6,GCAdventure
GC,Adventure,2003,2,GCAdventure
GC,Adventure,2004,2,GCAdventure
GC,Adventure,2005,6,GCAdventure
GC,Adventure,2006,3,GCAdventure
GC,Fighting,2001,1,GCFighting
GC,Fighting,2002,13,GCFighting
GC,Fighting,2003,10,GCFighting
GC,Fighting,2004,5,GCFighting
GC,Fighting,2005,11,GCFighting
GC,Fighting,2006,2,GCFighting
GC,Action,2001,1,GCAction
GC,Action,2002,16,GCAction
GC,Action,2003,29,GCAction
GC,Action,2004,17,GCAction
GC,Action,2005,22,GCAction
GC,Action,2006,11,GCAction
GC,Action,2007,2,GCAction
GC,Action,N/A,3,GCAction
GC,Simulation,2001,2,GCSimulation
GC,Simulation,2002,2,GCSimulation
GC,Simulation,2003,3,GCSimulation
GC,Simulation,2004,1,GCSimulation
GC,Simulation,2005,3,GCSimulation
GC,Simulation,2006,1,GCSimulation
GC,Shooter,2002,14,GCShooter
GC,Shooter,2003,14,GCShooter
GC,Shooter,2004,12,GCShooter
GC,Shooter,2005,7,GCShooter
GC,Shooter,2006,1,GCShooter
GC,Misc,2001,1,GCMisc
GC,Misc,2002,9,GCMisc
GC,Misc,2003,8,GCMisc
GC,Misc,2004,5,GCMisc
GC,Misc,2005,10,GCMisc
GC,Misc,2006,2,GCMisc
GC,Misc,N/A,1,GCMisc
GC,Puzzle,2001,1,GCPuzzle
GC,Puzzle,2002,6,GCPuzzle
GC,Puzzle,2003,3,GCPuzzle
GC,Puzzle,2004,1,GCPuzzle
GC,Puzzle,2005,1,GCPuzzle
GC,Puzzle,N/A,1,GCPuzzle
GC,Role-Playing,2002,5,GCRole-Playing
GC,Role-Playing,2003,10,GCRole-Playing
GC,Role-Playing,2004,6,GCRole-Playing
GC,Role-Playing,2005,3,GCRole-Playing
GC,Role-Playing,2006,1,GCRole-Playing
GC,Role-Playing,N/A,2,GCRole-Playing
GC,Racing,2001,4,GCRacing
GC,Racing,2002,20,GCRacing
GC,Racing,2003,24,GCRacing
GC,Racing,2004,4,GCRacing
GC,Racing,2005,3,GCRacing
GC,Racing,2006,5,GCRacing
GC,Racing,N/A,3,GCRacing
GC,Platform,2001,2,GCPlatform
GC,Platform,2002,19,GCPlatform
GC,Platform,2003,20,GCPlatform
GC,Platform,2004,12,GCPlatform
GC,Platform,2005,12,GCPlatform
GC,Platform,2006,8,GCPlatform
GC,Sports,2001,8,GCSports
GC,Sports,2002,41,GCSports
GC,Sports,2003,18,GCSports
GC,Sports,2004,14,GCSports
GC,Sports,2005,17,GCSports
GC,Sports,2006,6,GCSports
GC,Sports,2007,2,GCSports
GC,Sports,N/A,4,GCSports
GEN,Strategy ,1993,1,GENStrategy 
GEN,Adventure,1992,1,GENAdventure
GEN,Adventure,1993,1,GENAdventure
GEN,Fighting,1992,2,GENFighting
GEN,Fighting,1993,1,GENFighting
GEN,Fighting,1994,2,GENFighting
GEN,Action,1990,1,GENAction
GEN,Action,1991,0,GENAction
GEN,Action,1992,0,GENAction
GEN,Action,1993,2,GENAction
GEN,Shooter,1992,1,GENShooter
GEN,Misc,1994,1,GENMisc
GEN,Role-Playing,1993,1,GENRole-Playing
GEN,Role-Playing,1994,2,GENRole-Playing
GEN,Racing,1994,1,GENRacing
GEN,Platform,1991,1,GENPlatform
GEN,Platform,1992,1,GENPlatform
GEN,Platform,1993,1,GENPlatform
GEN,Platform,1994,4,GENPlatform
GEN,Sports,1992,1,GENSports
GEN,Sports,1993,0,GENSports
GEN,Sports,1994,2,GENSports
DC,Adventure,1998,1,DCAdventure
DC,Adventure,1999,2,DCAdventure
DC,Adventure,2000,4,DCAdventure
DC,Adventure,2001,2,DCAdventure
DC,Adventure,2002,0,DCAdventure
DC,Adventure,2003,0,DCAdventure
DC,Adventure,2004,0,DCAdventure
DC,Adventure,2005,0,DCAdventure
DC,Adventure,2006,0,DCAdventure
DC,Adventure,2007,0,DCAdventure
DC,Adventure,2008,1,DCAdventure
DC,Fighting,1998,2,DCFighting
DC,Fighting,1999,3,DCFighting
DC,Fighting,2000,5,DCFighting
DC,Fighting,2001,2,DCFighting
DC,Action,1998,1,DCAction
DC,Action,1999,0,DCAction
DC,Action,2000,1,DCAction
DC,Action,2001,1,DCAction
DC,Simulation,1999,1,DCSimulation
DC,Shooter,1998,1,DCShooter
DC,Shooter,1999,0,DCShooter
DC,Shooter,2000,1,DCShooter
DC,Shooter,2001,0,DCShooter
DC,Shooter,2002,0,DCShooter
DC,Shooter,2003,0,DCShooter
DC,Shooter,2004,0,DCShooter
DC,Shooter,2005,0,DCShooter
DC,Shooter,2006,0,DCShooter
DC,Shooter,2007,1,DCShooter
DC,Role-Playing,2000,3,DCRole-Playing
DC,Role-Playing,2001,1,DCRole-Playing
DC,Racing,1998,1,DCRacing
DC,Racing,1999,2,DCRacing
DC,Racing,2000,2,DCRacing
DC,Racing,2001,1,DCRacing
DC,Platform,1998,1,DCPlatform
DC,Platform,1999,0,DCPlatform
DC,Platform,2000,0,DCPlatform
DC,Platform,2001,1,DCPlatform
DC,Sports,1999,6,DCSports
DC,Sports,2000,4,DCSports
PSV,Strategy ,2013,3,PSVStrategy 
PSV,Strategy ,2014,1,PSVStrategy 
PSV,Strategy ,2015,2,PSVStrategy 
PSV,Strategy ,2016,1,PSVStrategy 
PSV,Adventure,2011,1,PSVAdventure
PSV,Adventure,2012,6,PSVAdventure
PSV,Adventure,2013,12,PSVAdventure
PSV,Adventure,2014,28,PSVAdventure
PSV,Adventure,2015,21,PSVAdventure
PSV,Adventure,2016,25,PSVAdventure
PSV,Fighting,2011,2,PSVFighting
PSV,Fighting,2012,4,PSVFighting
PSV,Fighting,2013,3,PSVFighting
PSV,Fighting,2014,5,PSVFighting
PSV,Fighting,2015,0,PSVFighting
PSV,Fighting,2016,2,PSVFighting
PSV,Action,2011,4,PSVAction
PSV,Action,2012,20,PSVAction
PSV,Action,2013,14,PSVAction
PSV,Action,2014,22,PSVAction
PSV,Action,2015,54,PSVAction
PSV,Action,2016,35,PSVAction
PSV,Action,2017,1,PSVAction
PSV,Simulation,2011,1,PSVSimulation
PSV,Simulation,2012,0,PSVSimulation
PSV,Simulation,2013,0,PSVSimulation
PSV,Simulation,2014,1,PSVSimulation
PSV,Simulation,2015,1,PSVSimulation
PSV,Simulation,2016,1,PSVSimulation
PSV,Shooter,2011,1,PSVShooter
PSV,Shooter,2012,2,PSVShooter
PSV,Shooter,2013,1,PSVShooter
PSV,Shooter,2014,1,PSVShooter
PSV,Misc,2011,2,PSVMisc
PSV,Misc,2012,3,PSVMisc
PSV,Misc,2013,2,PSVMisc
PSV,Misc,2014,9,PSVMisc
PSV,Misc,2015,5,PSVMisc
PSV,Misc,2016,3,PSVMisc
PSV,Puzzle,2011,1,PSVPuzzle
PSV,Puzzle,2012,0,PSVPuzzle
PSV,Puzzle,2013,0,PSVPuzzle
PSV,Puzzle,2014,1,PSVPuzzle
PSV,Puzzle,2015,0,PSVPuzzle
PSV,Puzzle,2016,1,PSVPuzzle
PSV,Role-Playing,2011,1,PSVRole-Playing
PSV,Role-Playing,2012,6,PSVRole-Playing
PSV,Role-Playing,2013,19,PSVRole-Playing
PSV,Role-Playing,2014,24,PSVRole-Playing
PSV,Role-Playing,2015,20,PSVRole-Playing
PSV,Role-Playing,2016,15,PSVRole-Playing
PSV,Role-Playing,2017,1,PSVRole-Playing
PSV,Role-Playing,N/A,1,PSVRole-Playing
PSV,Racing,2011,2,PSVRacing
PSV,Racing,2012,6,PSVRacing
PSV,Racing,2013,0,PSVRacing
PSV,Racing,2014,2,PSVRacing
PSV,Racing,2015,1,PSVRacing
PSV,Platform,2011,1,PSVPlatform
PSV,Platform,2012,2,PSVPlatform
PSV,Platform,2013,2,PSVPlatform
PSV,Platform,2014,2,PSVPlatform
PSV,Platform,2015,2,PSVPlatform
PSV,Sports,2011,2,PSVSports
PSV,Sports,2012,4,PSVSports
PSV,Sports,2013,7,PSVSports
PSV,Sports,2014,4,PSVSports
PSV,Sports,2015,4,PSVSports
PSV,Sports,2016,2,PSVSports
SAT,Strategy ,1995,3,SATStrategy 
SAT,Strategy ,1996,3,SATStrategy 
SAT,Strategy ,1997,5,SATStrategy 
SAT,Strategy ,1998,7,SATStrategy 
SAT,Adventure,1994,1,SATAdventure
SAT,Adventure,1995,4,SATAdventure
SAT,Adventure,1996,8,SATAdventure
SAT,Adventure,1997,4,SATAdventure
SAT,Adventure,1998,9,SATAdventure
SAT,Fighting,1994,5,SATFighting
SAT,Fighting,1995,11,SATFighting
SAT,Fighting,1996,8,SATFighting
SAT,Fighting,1997,4,SATFighting
SAT,Fighting,1998,3,SATFighting
SAT,Action,1995,1,SATAction
SAT,Action,1996,0,SATAction
SAT,Action,1997,2,SATAction
SAT,Simulation,1994,2,SATSimulation
SAT,Simulation,1995,2,SATSimulation
SAT,Simulation,1996,2,SATSimulation
SAT,Simulation,1997,0,SATSimulation
SAT,Simulation,1998,1,SATSimulation
SAT,Shooter,1994,3,SATShooter
SAT,Shooter,1995,9,SATShooter
SAT,Shooter,1996,5,SATShooter
SAT,Shooter,1997,4,SATShooter
SAT,Shooter,1998,1,SATShooter
SAT,Misc,1995,11,SATMisc
SAT,Misc,1996,2,SATMisc
SAT,Misc,1997,2,SATMisc
SAT,Puzzle,1995,1,SATPuzzle
SAT,Puzzle,1996,2,SATPuzzle
SAT,Puzzle,1997,2,SATPuzzle
SAT,Role-Playing,1995,4,SATRole-Playing
SAT,Role-Playing,1996,3,SATRole-Playing
SAT,Role-Playing,1997,7,SATRole-Playing
SAT,Role-Playing,1998,3,SATRole-Playing
SAT,Racing,1994,3,SATRacing
SAT,Racing,1995,4,SATRacing
SAT,Racing,1996,1,SATRacing
SAT,Platform,1994,1,SATPlatform
SAT,Platform,1995,0,SATPlatform
SAT,Platform,1996,1,SATPlatform
SAT,Platform,1997,2,SATPlatform
SAT,Platform,1998,1,SATPlatform
SAT,Sports,1994,4,SATSports
SAT,Sports,1995,2,SATSports
SAT,Sports,1996,3,SATSports
SAT,Sports,1997,2,SATSports
SAT,Sports,1998,4,SATSports
SAT,Sports,1999,1,SATSports
SCD,Strategy ,1994,1,SCDStrategy 
SCD,Misc,1994,2,SCDMisc
SCD,Role-Playing,1994,1,SCDRole-Playing
SCD,Racing,1994,1,SCDRacing
SCD,Platform,1993,1,SCDPlatform
WS,Strategy ,2000,1,WSStrategy 
WS,Strategy ,2001,1,WSStrategy 
WS,Role-Playing,1999,2,WSRole-Playing
WS,Role-Playing,2000,1,WSRole-Playing
WS,Role-Playing,2001,1,WSRole-Playing
NG,Fighting,1993,2,NGFighting
NG,Fighting,1994,4,NGFighting
NG,Fighting,1995,3,NGFighting
NG,Fighting,1996,2,NGFighting
NG,Sports,1995,1,NGSports
TG16,Adventure,1995,1,TG16Adventure
TG16,Shooter,1995,1,TG16Shooter
3DO,Adventure,1995,1,3DOAdventure
3DO,Simulation,1995,1,3DOSimulation
3DO,Puzzle,1994,1,3DOPuzzle
GG,Platform,1992,1,GGPlatform
PCFX,Role-Playing,1996,1,PCFXRole-Playing
